"Nro. de Orden","Fecha de Orden","Fecha de Envio","Nombre de la Empresa","Nombre del Contacto","Empresa de Transporte",Vendedor
10249,"2006-07-05 00:00:00","2006-07-10 00:00:00","Customer FAPSM","Wickham, Jim","Shipper GVSUA","Paul Suurs"
10251,"2006-07-08 00:00:00","2006-07-15 00:00:00","Customer NRCSK","Tuntisangaroon, Sittichai","Shipper GVSUA","Judy Lew"
10258,"2006-07-17 00:00:00","2006-07-23 00:00:00","Customer THHDP","Kane, John","Shipper GVSUA","Sara Davis"
10260,"2006-07-19 00:00:00","2006-07-29 00:00:00","Customer QNIVZ","Marinova, Nadejda","Shipper GVSUA","Yael Peled"
10265,"2006-07-25 00:00:00","2006-08-12 00:00:00","Customer QXVLA","Bansal, Dushyant","Shipper GVSUA","Don Funk"
10267,"2006-07-29 00:00:00","2006-08-06 00:00:00","Customer AZJED","Carlson, Jason","Shipper GVSUA","Yael Peled"
10269,"2006-07-31 00:00:00","2006-08-09 00:00:00","Customer YBQTI","Smith Jr., Ronaldo","Shipper GVSUA","Sven Buck"
10270,"2006-08-01 00:00:00","2006-08-02 00:00:00","Customer ZHYOS","Ludwig, Michael","Shipper GVSUA","Sara Davis"
10274,"2006-08-06 00:00:00","2006-08-16 00:00:00","Customer ENQZT","McLin, Nkenge","Shipper GVSUA","Paul Suurs"
10275,"2006-08-07 00:00:00","2006-08-09 00:00:00","Customer CQRAA","Duerr, Bernard","Shipper GVSUA","Sara Davis"
10280,"2006-08-14 00:00:00","2006-09-12 00:00:00","Customer HGVLZ","Higginbotham, Tom","Shipper GVSUA","Don Funk"
10281,"2006-08-14 00:00:00","2006-08-21 00:00:00","Customer SIUIH","Watters, Jason M.","Shipper GVSUA","Yael Peled"
10282,"2006-08-15 00:00:00","2006-08-21 00:00:00","Customer SIUIH","Watters, Jason M.","Shipper GVSUA","Yael Peled"
10284,"2006-08-19 00:00:00","2006-08-27 00:00:00","Customer OXFRU","Louverdis, George","Shipper GVSUA","Yael Peled"
10288,"2006-08-23 00:00:00","2006-09-03 00:00:00","Customer LHANT","Voss, Florian","Shipper GVSUA","Yael Peled"
10290,"2006-08-27 00:00:00","2006-09-03 00:00:00","Customer JUWXK","Richardson, Shawn","Shipper GVSUA","Maria Cameron"
10296,"2006-09-03 00:00:00","2006-09-11 00:00:00","Customer XPNIK","Dressler, Marlies","Shipper GVSUA","Paul Suurs"
10309,"2006-09-19 00:00:00","2006-10-23 00:00:00","Customer FRXZL","Crăciun, Ovidiu V.","Shipper GVSUA","Judy Lew"
10317,"2006-09-30 00:00:00","2006-10-10 00:00:00","Customer DVFMB","Szymczak, Radosław","Shipper GVSUA","Paul Suurs"
10323,"2006-10-07 00:00:00","2006-10-14 00:00:00","Customer GLLAG","Song, Lolan","Shipper GVSUA","Yael Peled"
10324,"2006-10-08 00:00:00","2006-10-10 00:00:00","Customer LCOUJ","Navarro, Tomás","Shipper GVSUA","Zoya Dolgopyatova"
10327,"2006-10-11 00:00:00","2006-10-14 00:00:00","Customer CYZTN","San Juan, Patricia","Shipper GVSUA","Don Funk"
10330,"2006-10-16 00:00:00","2006-10-28 00:00:00","Customer XPNIK","Dressler, Marlies","Shipper GVSUA","Judy Lew"
10331,"2006-10-16 00:00:00","2006-10-21 00:00:00","Customer RTXGC","Raghav, Amritansh","Shipper GVSUA","Zoya Dolgopyatova"
10343,"2006-10-31 00:00:00","2006-11-06 00:00:00","Customer OXFRU","Louverdis, George","Shipper GVSUA","Yael Peled"
10349,"2006-11-08 00:00:00","2006-11-15 00:00:00","Customer XOJYP","Wojciechowska, Agnieszka","Shipper GVSUA","Russell King"
10351,"2006-11-11 00:00:00","2006-11-20 00:00:00","Customer THHDP","Kane, John","Shipper GVSUA","Sara Davis"
10355,"2006-11-15 00:00:00","2006-11-20 00:00:00","Customer HFBZG","Arndt, Torsten","Shipper GVSUA","Paul Suurs"
10358,"2006-11-20 00:00:00","2006-11-27 00:00:00","Customer XIIWM","Litton, Tim","Shipper GVSUA","Sven Buck"
10362,"2006-11-25 00:00:00","2006-11-28 00:00:00","Customer RTXGC","Raghav, Amritansh","Shipper GVSUA","Judy Lew"
10364,"2006-11-26 00:00:00","2006-12-04 00:00:00","Customer RFNQC","Boseman, Randall","Shipper GVSUA","Sara Davis"
10371,"2006-12-03 00:00:00","2006-12-24 00:00:00","Customer XIIWM","Litton, Tim","Shipper GVSUA","Sara Davis"
10379,"2006-12-11 00:00:00","2006-12-13 00:00:00","Customer WULWD","Florczyk, Krzysztof","Shipper GVSUA","Don Funk"
10382,"2006-12-13 00:00:00","2006-12-16 00:00:00","Customer THHDP","Kane, John","Shipper GVSUA","Yael Peled"
10388,"2006-12-19 00:00:00","2006-12-20 00:00:00","Customer AHPOP","Welcker, Brian","Shipper GVSUA","Don Funk"
10390,"2006-12-23 00:00:00","2006-12-26 00:00:00","Customer THHDP","Kane, John","Shipper GVSUA","Paul Suurs"
10395,"2006-12-26 00:00:00","2007-01-03 00:00:00","Customer UMTLM","Langohr, Kris","Shipper GVSUA","Paul Suurs"
10397,"2006-12-27 00:00:00","2007-01-02 00:00:00","Customer QZURI","Uppal, Sunil","Shipper GVSUA","Sven Buck"
10401,"2007-01-01 00:00:00","2007-01-10 00:00:00","Customer NYUHS","Moore, Michael","Shipper GVSUA","Sara Davis"
10404,"2007-01-03 00:00:00","2007-01-08 00:00:00","Customer CQRAA","Duerr, Bernard","Shipper GVSUA","Don Funk"
10405,"2007-01-06 00:00:00","2007-01-22 00:00:00","Customer PSQUZ","Lupu, Cornel","Shipper GVSUA","Sara Davis"
10406,"2007-01-07 00:00:00","2007-01-13 00:00:00","Customer WFIZJ","Misiec, Anna","Shipper GVSUA","Russell King"
10408,"2007-01-08 00:00:00","2007-01-14 00:00:00","Customer WVFAF","Khanna, Karan","Shipper GVSUA","Maria Cameron"
10409,"2007-01-09 00:00:00","2007-01-14 00:00:00","Customer TDKEG","Tiano, Mike","Shipper GVSUA","Judy Lew"
10415,"2007-01-15 00:00:00","2007-01-24 00:00:00","Customer LVJSO","Smith, Denise","Shipper GVSUA","Judy Lew"
10418,"2007-01-17 00:00:00","2007-01-24 00:00:00","Customer IRRVL","Veronesi, Giorgio","Shipper GVSUA","Yael Peled"
10420,"2007-01-21 00:00:00","2007-01-27 00:00:00","Customer SRQVM","Li, Yan","Shipper GVSUA","Judy Lew"
10421,"2007-01-21 00:00:00","2007-01-27 00:00:00","Customer WULWD","Florczyk, Krzysztof","Shipper GVSUA","Maria Cameron"
10422,"2007-01-22 00:00:00","2007-01-31 00:00:00","Customer WMFEA","Schmöllerl, Martin","Shipper GVSUA","Don Funk"
10426,"2007-01-27 00:00:00","2007-02-06 00:00:00","Customer MDLWA","Kolesnikova, Katerina","Shipper GVSUA","Yael Peled"
10428,"2007-01-28 00:00:00","2007-02-04 00:00:00","Customer LHANT","Voss, Florian","Shipper GVSUA","Russell King"
10430,"2007-01-30 00:00:00","2007-02-03 00:00:00","Customer THHDP","Kane, John","Shipper GVSUA","Yael Peled"
10437,"2007-02-05 00:00:00","2007-02-12 00:00:00","Customer ZHYOS","Ludwig, Michael","Shipper GVSUA","Maria Cameron"
10443,"2007-02-12 00:00:00","2007-02-14 00:00:00","Customer LHANT","Voss, Florian","Shipper GVSUA","Maria Cameron"
10445,"2007-02-13 00:00:00","2007-02-20 00:00:00","Customer HGVLZ","Higginbotham, Tom","Shipper GVSUA","Judy Lew"
10446,"2007-02-14 00:00:00","2007-02-19 00:00:00","Customer FAPSM","Wickham, Jim","Shipper GVSUA","Paul Suurs"
10452,"2007-02-20 00:00:00","2007-02-26 00:00:00","Customer LCOUJ","Navarro, Tomás","Shipper GVSUA","Maria Cameron"
10457,"2007-02-25 00:00:00","2007-03-03 00:00:00","Customer GLLAG","Song, Lolan","Shipper GVSUA","Don Funk"
10460,"2007-02-28 00:00:00","2007-03-03 00:00:00","Customer CYZTN","San Juan, Patricia","Shipper GVSUA","Maria Cameron"
10462,"2007-03-03 00:00:00","2007-03-18 00:00:00","Customer GYBBY","Birkby, Dana","Shipper GVSUA","Don Funk"
10466,"2007-03-06 00:00:00","2007-03-13 00:00:00","Customer JUWXK","Richardson, Shawn","Shipper GVSUA","Yael Peled"
10469,"2007-03-10 00:00:00","2007-03-14 00:00:00","Customer YBQTI","Smith Jr., Ronaldo","Shipper GVSUA","Sara Davis"
10472,"2007-03-12 00:00:00","2007-03-19 00:00:00","Customer AHPOP","Welcker, Brian","Shipper GVSUA","Maria Cameron"
10475,"2007-03-14 00:00:00","2007-04-04 00:00:00","Customer SFOGW","Gulbis, Katrin","Shipper GVSUA","Zoya Dolgopyatova"
10492,"2007-04-01 00:00:00","2007-04-11 00:00:00","Customer EEALV","Bassols, Pilar Colome","Shipper GVSUA","Judy Lew"
10497,"2007-04-04 00:00:00","2007-04-07 00:00:00","Customer OXFRU","Louverdis, George","Shipper GVSUA","Russell King"
10500,"2007-04-09 00:00:00","2007-04-17 00:00:00","Customer XIIWM","Litton, Tim","Shipper GVSUA","Paul Suurs"
10502,"2007-04-10 00:00:00","2007-04-29 00:00:00","Customer AHXHT","Fakhouri, Fadi","Shipper GVSUA","Don Funk"
10507,"2007-04-15 00:00:00","2007-04-22 00:00:00","Customer KBUDE","Peoples, John","Shipper GVSUA","Russell King"
10509,"2007-04-17 00:00:00","2007-04-29 00:00:00","Customer XHXJV","Poland, Carole","Shipper GVSUA","Yael Peled"
10513,"2007-04-22 00:00:00","2007-04-28 00:00:00","Customer SNXOJ","Syamala, Manoj","Shipper GVSUA","Russell King"
10515,"2007-04-23 00:00:00","2007-05-23 00:00:00","Customer IRRVL","Veronesi, Giorgio","Shipper GVSUA","Don Funk"
10520,"2007-04-29 00:00:00","2007-05-01 00:00:00","Customer TMXGN","Ginters, Kaspars","Shipper GVSUA","Russell King"
10522,"2007-04-30 00:00:00","2007-05-06 00:00:00","Customer OXFRU","Louverdis, George","Shipper GVSUA","Yael Peled"
10527,"2007-05-05 00:00:00","2007-05-07 00:00:00","Customer IRRVL","Veronesi, Giorgio","Shipper GVSUA","Russell King"
10531,"2007-05-08 00:00:00","2007-05-19 00:00:00","Customer TDKEG","Tiano, Mike","Shipper GVSUA","Russell King"
10533,"2007-05-12 00:00:00","2007-05-22 00:00:00","Customer CYZTN","San Juan, Patricia","Shipper GVSUA","Maria Cameron"
10535,"2007-05-13 00:00:00","2007-05-21 00:00:00","Customer KBUDE","Peoples, John","Shipper GVSUA","Yael Peled"
10537,"2007-05-14 00:00:00","2007-05-19 00:00:00","Customer CCKOT","Myrcha, Jacek","Shipper GVSUA","Sara Davis"
10541,"2007-05-19 00:00:00","2007-05-29 00:00:00","Customer IBVRG","Cohen, Shy","Shipper GVSUA","Don Funk"
10544,"2007-05-21 00:00:00","2007-05-30 00:00:00","Customer DVFMB","Szymczak, Radosław","Shipper GVSUA","Yael Peled"
10549,"2007-05-27 00:00:00","2007-05-30 00:00:00","Customer IRRVL","Veronesi, Giorgio","Shipper GVSUA","Sven Buck"
10552,"2007-05-29 00:00:00","2007-06-05 00:00:00","Customer UMTLM","Langohr, Kris","Shipper GVSUA","Don Funk"
10556,"2007-06-03 00:00:00","2007-06-13 00:00:00","Customer JMIKW","Gonzalez, Nuria","Shipper GVSUA","Don Funk"
10559,"2007-06-05 00:00:00","2007-06-13 00:00:00","Customer QXVLA","Bansal, Dushyant","Shipper GVSUA","Paul Suurs"
10560,"2007-06-06 00:00:00","2007-06-09 00:00:00","Customer AZJED","Carlson, Jason","Shipper GVSUA","Maria Cameron"
10562,"2007-06-09 00:00:00","2007-06-12 00:00:00","Customer LHANT","Voss, Florian","Shipper GVSUA","Sara Davis"
10566,"2007-06-12 00:00:00","2007-06-18 00:00:00","Customer QXVLA","Bansal, Dushyant","Shipper GVSUA","Zoya Dolgopyatova"
10567,"2007-06-12 00:00:00","2007-06-17 00:00:00","Customer FRXZL","Crăciun, Ovidiu V.","Shipper GVSUA","Sara Davis"
10569,"2007-06-16 00:00:00","2007-07-11 00:00:00","Customer NYUHS","Moore, Michael","Shipper GVSUA","Sven Buck"
10575,"2007-06-20 00:00:00","2007-06-30 00:00:00","Customer PZNLA","Dupont-Roc, Patrice","Shipper GVSUA","Sven Buck"
10581,"2007-06-26 00:00:00","2007-07-02 00:00:00","Customer KIdPX","Russo, Giuseppe","Shipper GVSUA","Judy Lew"
10584,"2007-06-30 00:00:00","2007-07-04 00:00:00","Customer QXVLA","Bansal, Dushyant","Shipper GVSUA","Yael Peled"
10585,"2007-07-01 00:00:00","2007-07-10 00:00:00","Customer SRQVM","Li, Yan","Shipper GVSUA","Russell King"
10586,"2007-07-02 00:00:00","2007-07-09 00:00:00","Customer LHANT","Voss, Florian","Shipper GVSUA","Zoya Dolgopyatova"
10587,"2007-07-02 00:00:00","2007-07-09 00:00:00","Customer WULWD","Florczyk, Krzysztof","Shipper GVSUA","Sara Davis"
10591,"2007-07-07 00:00:00","2007-07-16 00:00:00","Customer ZRNDE","Fonteneau, Karl","Shipper GVSUA","Sara Davis"
10592,"2007-07-08 00:00:00","2007-07-16 00:00:00","Customer OXFRU","Louverdis, George","Shipper GVSUA","Judy Lew"
10595,"2007-07-10 00:00:00","2007-07-14 00:00:00","Customer THHDP","Kane, John","Shipper GVSUA","Don Funk"
10596,"2007-07-11 00:00:00","2007-08-12 00:00:00","Customer YBQTI","Smith Jr., Ronaldo","Shipper GVSUA","Maria Cameron"
10600,"2007-07-16 00:00:00","2007-07-21 00:00:00","Customer LVJSO","Smith, Denise","Shipper GVSUA","Yael Peled"
10601,"2007-07-16 00:00:00","2007-07-22 00:00:00","Customer UMTLM","Langohr, Kris","Shipper GVSUA","Russell King"
10604,"2007-07-18 00:00:00","2007-07-29 00:00:00","Customer XYUFB","Cavaglieri, Giorgio","Shipper GVSUA","Sara Davis"
10607,"2007-07-22 00:00:00","2007-07-25 00:00:00","Customer LCOUJ","Navarro, Tomás","Shipper GVSUA","Sven Buck"
10610,"2007-07-25 00:00:00","2007-08-06 00:00:00","Customer XIIWM","Litton, Tim","Shipper GVSUA","Maria Cameron"
10618,"2007-08-01 00:00:00","2007-08-08 00:00:00","Customer PVDZC","Taylor, Maurice","Shipper GVSUA","Sara Davis"
10625,"2007-08-08 00:00:00","2007-08-14 00:00:00","Customer MLTDN","Hassall, Mark","Shipper GVSUA","Judy Lew"
10631,"2007-08-14 00:00:00","2007-08-15 00:00:00","Customer XIIWM","Litton, Tim","Shipper GVSUA","Maria Cameron"
10632,"2007-08-14 00:00:00","2007-08-19 00:00:00","Customer SNXOJ","Syamala, Manoj","Shipper GVSUA","Maria Cameron"
10636,"2007-08-19 00:00:00","2007-08-26 00:00:00","Customer ZHYOS","Ludwig, Michael","Shipper GVSUA","Yael Peled"
10637,"2007-08-19 00:00:00","2007-08-26 00:00:00","Customer WFIZJ","Misiec, Anna","Shipper GVSUA","Paul Suurs"
10638,"2007-08-20 00:00:00","2007-09-01 00:00:00","Customer PSQUZ","Lupu, Cornel","Shipper GVSUA","Judy Lew"
10640,"2007-08-21 00:00:00","2007-08-28 00:00:00","Customer SNXOJ","Syamala, Manoj","Shipper GVSUA","Yael Peled"
10643,"2007-08-25 00:00:00","2007-09-02 00:00:00","Customer NRZBB","Allen, Michael","Shipper GVSUA","Paul Suurs"
10645,"2007-08-26 00:00:00","2007-09-02 00:00:00","Customer IBVRG","Cohen, Shy","Shipper GVSUA","Yael Peled"
10653,"2007-09-02 00:00:00","2007-09-19 00:00:00","Customer AZJED","Carlson, Jason","Shipper GVSUA","Sara Davis"
10654,"2007-09-02 00:00:00","2007-09-11 00:00:00","Customer HGVLZ","Higginbotham, Tom","Shipper GVSUA","Sven Buck"
10656,"2007-09-04 00:00:00","2007-09-10 00:00:00","Customer YSIQX","Krishnan, Venky","Shipper GVSUA","Paul Suurs"
10658,"2007-09-05 00:00:00","2007-09-08 00:00:00","Customer IRRVL","Veronesi, Giorgio","Shipper GVSUA","Yael Peled"
10660,"2007-09-08 00:00:00","2007-10-15 00:00:00","Customer LVJSO","Smith, Denise","Shipper GVSUA","Maria Cameron"
10667,"2007-09-12 00:00:00","2007-09-19 00:00:00","Customer THHDP","Kane, John","Shipper GVSUA","Russell King"
10669,"2007-09-15 00:00:00","2007-09-22 00:00:00","Customer JMIKW","Gonzalez, Nuria","Shipper GVSUA","Don Funk"
10670,"2007-09-16 00:00:00","2007-09-18 00:00:00","Customer AZJED","Carlson, Jason","Shipper GVSUA","Yael Peled"
10671,"2007-09-17 00:00:00","2007-09-24 00:00:00","Customer USDBG","Koch, Paul","Shipper GVSUA","Sara Davis"
10673,"2007-09-18 00:00:00","2007-09-19 00:00:00","Customer XBBVR","Larsson, Katarina","Shipper GVSUA","Don Funk"
10680,"2007-09-24 00:00:00","2007-09-26 00:00:00","Customer KZQZT","Egelund-Muller, Anja","Shipper GVSUA","Sara Davis"
10683,"2007-09-26 00:00:00","2007-10-01 00:00:00","Customer BSVAR","Rizaldy, Arif","Shipper GVSUA","Don Funk"
10684,"2007-09-26 00:00:00","2007-09-30 00:00:00","Customer QNIVZ","Marinova, Nadejda","Shipper GVSUA","Judy Lew"
10686,"2007-09-30 00:00:00","2007-10-08 00:00:00","Customer LOLJO","Meston, Tosh","Shipper GVSUA","Don Funk"
10690,"2007-10-02 00:00:00","2007-10-03 00:00:00","Customer IBVRG","Cohen, Shy","Shipper GVSUA","Sara Davis"
10695,"2007-10-07 00:00:00","2007-10-14 00:00:00","Customer XBBVR","Larsson, Katarina","Shipper GVSUA","Russell King"
10697,"2007-10-08 00:00:00","2007-10-14 00:00:00","Customer PSQUZ","Lupu, Cornel","Shipper GVSUA","Judy Lew"
10698,"2007-10-09 00:00:00","2007-10-17 00:00:00","Customer THHDP","Kane, John","Shipper GVSUA","Yael Peled"
10700,"2007-10-10 00:00:00","2007-10-16 00:00:00","Customer LCOUJ","Navarro, Tomás","Shipper GVSUA","Judy Lew"
10702,"2007-10-13 00:00:00","2007-10-21 00:00:00","Customer NRZBB","Allen, Michael","Shipper GVSUA","Yael Peled"
10704,"2007-10-14 00:00:00","2007-11-07 00:00:00","Customer WFIZJ","Misiec, Anna","Shipper GVSUA","Paul Suurs"
10710,"2007-10-20 00:00:00","2007-10-23 00:00:00","Customer WMFEA","Schmöllerl, Martin","Shipper GVSUA","Sara Davis"
10712,"2007-10-21 00:00:00","2007-10-31 00:00:00","Customer FRXZL","Crăciun, Ovidiu V.","Shipper GVSUA","Judy Lew"
10713,"2007-10-22 00:00:00","2007-10-24 00:00:00","Customer LCOUJ","Navarro, Tomás","Shipper GVSUA","Sara Davis"
10715,"2007-10-23 00:00:00","2007-10-29 00:00:00","Customer RTXGC","Raghav, Amritansh","Shipper GVSUA","Judy Lew"
10722,"2007-10-29 00:00:00","2007-11-04 00:00:00","Customer LCOUJ","Navarro, Tomás","Shipper GVSUA","Maria Cameron"
10723,"2007-10-30 00:00:00","2007-11-25 00:00:00","Customer YBQTI","Smith Jr., Ronaldo","Shipper GVSUA","Judy Lew"
10726,"2007-11-03 00:00:00","2007-12-05 00:00:00","Customer RFNQC","Boseman, Randall","Shipper GVSUA","Yael Peled"
10727,"2007-11-03 00:00:00","2007-12-05 00:00:00","Customer LHANT","Voss, Florian","Shipper GVSUA","Don Funk"
10730,"2007-11-05 00:00:00","2007-11-14 00:00:00","Customer RTXGC","Raghav, Amritansh","Shipper GVSUA","Sven Buck"
10731,"2007-11-06 00:00:00","2007-11-14 00:00:00","Customer WNMAF","Jelitto, Jacek","Shipper GVSUA","Russell King"
10732,"2007-11-06 00:00:00","2007-11-07 00:00:00","Customer RTXGC","Raghav, Amritansh","Shipper GVSUA","Judy Lew"
10738,"2007-11-12 00:00:00","2007-11-18 00:00:00","Customer YSHXL","O’Brien, Dave","Shipper GVSUA","Don Funk"
10744,"2007-11-17 00:00:00","2007-11-24 00:00:00","Customer ZRNDE","Fonteneau, Karl","Shipper GVSUA","Paul Suurs"
10745,"2007-11-18 00:00:00","2007-11-27 00:00:00","Customer IRRVL","Veronesi, Giorgio","Shipper GVSUA","Zoya Dolgopyatova"
10747,"2007-11-19 00:00:00","2007-11-26 00:00:00","Customer LOLJO","Meston, Tosh","Shipper GVSUA","Paul Suurs"
10748,"2007-11-20 00:00:00","2007-11-28 00:00:00","Customer LCOUJ","Navarro, Tomás","Shipper GVSUA","Judy Lew"
10750,"2007-11-21 00:00:00","2007-11-24 00:00:00","Customer ZHYOS","Ludwig, Michael","Shipper GVSUA","Zoya Dolgopyatova"
10753,"2007-11-25 00:00:00","2007-11-27 00:00:00","Customer WMFEA","Schmöllerl, Martin","Shipper GVSUA","Judy Lew"
10757,"2007-11-27 00:00:00","2007-12-15 00:00:00","Customer LCOUJ","Navarro, Tomás","Shipper GVSUA","Paul Suurs"
10760,"2007-12-01 00:00:00","2007-12-10 00:00:00","Customer JYPSC","Mace, Donald","Shipper GVSUA","Yael Peled"
10762,"2007-12-02 00:00:00","2007-12-09 00:00:00","Customer CYZTN","San Juan, Patricia","Shipper GVSUA","Judy Lew"
10766,"2007-12-05 00:00:00","2007-12-09 00:00:00","Customer QNIVZ","Marinova, Nadejda","Shipper GVSUA","Yael Peled"
10769,"2007-12-08 00:00:00","2007-12-12 00:00:00","Customer ZRNDE","Fonteneau, Karl","Shipper GVSUA","Judy Lew"
10774,"2007-12-11 00:00:00","2007-12-12 00:00:00","Customer CYZTN","San Juan, Patricia","Shipper GVSUA","Yael Peled"
10775,"2007-12-12 00:00:00","2007-12-26 00:00:00","Customer NLTYP","Young, Robin","Shipper GVSUA","Russell King"
10778,"2007-12-16 00:00:00","2007-12-24 00:00:00","Customer HGVLZ","Higginbotham, Tom","Shipper GVSUA","Judy Lew"
10780,"2007-12-16 00:00:00","2007-12-25 00:00:00","Customer XPNIK","Dressler, Marlies","Shipper GVSUA","Don Funk"
10786,"2007-12-19 00:00:00","2007-12-23 00:00:00","Customer WFIZJ","Misiec, Anna","Shipper GVSUA","Maria Cameron"
10787,"2007-12-19 00:00:00","2007-12-26 00:00:00","Customer XIIWM","Litton, Tim","Shipper GVSUA","Don Funk"
10790,"2007-12-22 00:00:00","2007-12-26 00:00:00","Customer YJCBX","Cheng, Yao-Qiang","Shipper GVSUA","Paul Suurs"
10794,"2007-12-24 00:00:00","2008-01-02 00:00:00","Customer WULWD","Florczyk, Krzysztof","Shipper GVSUA","Paul Suurs"
10796,"2007-12-25 00:00:00","2008-01-14 00:00:00","Customer UMTLM","Langohr, Kris","Shipper GVSUA","Judy Lew"
10798,"2007-12-26 00:00:00","2008-01-05 00:00:00","Customer LJUCA","Lee, Frank","Shipper GVSUA","Don Funk"
10803,"2007-12-30 00:00:00","2008-01-06 00:00:00","Customer SRQVM","Li, Yan","Shipper GVSUA","Yael Peled"
10807,"2007-12-31 00:00:00","2008-01-30 00:00:00","Customer WMFEA","Schmöllerl, Martin","Shipper GVSUA","Yael Peled"
10809,"2008-01-01 00:00:00","2008-01-07 00:00:00","Customer SRQVM","Li, Yan","Shipper GVSUA","Russell King"
10811,"2008-01-02 00:00:00","2008-01-08 00:00:00","Customer PSQUZ","Lupu, Cornel","Shipper GVSUA","Maria Cameron"
10812,"2008-01-02 00:00:00","2008-01-12 00:00:00","Customer LHANT","Voss, Florian","Shipper GVSUA","Sven Buck"
10813,"2008-01-05 00:00:00","2008-01-09 00:00:00","Customer QVEPD","Garden, Euan","Shipper GVSUA","Sara Davis"
10821,"2008-01-08 00:00:00","2008-01-15 00:00:00","Customer XOJYP","Wojciechowska, Agnieszka","Shipper GVSUA","Sara Davis"
10824,"2008-01-09 00:00:00","2008-01-30 00:00:00","Customer CYZTN","San Juan, Patricia","Shipper GVSUA","Maria Cameron"
10825,"2008-01-09 00:00:00","2008-01-14 00:00:00","Customer FEVNN","Jones, TiAnna","Shipper GVSUA","Sara Davis"
10826,"2008-01-12 00:00:00","2008-02-06 00:00:00","Customer QXVLA","Bansal, Dushyant","Shipper GVSUA","Paul Suurs"
10828,"2008-01-13 00:00:00","2008-02-04 00:00:00","Customer LWGMD","Gaffney, Lawrie","Shipper GVSUA","Zoya Dolgopyatova"
10829,"2008-01-13 00:00:00","2008-01-23 00:00:00","Customer LJUCA","Lee, Frank","Shipper GVSUA","Zoya Dolgopyatova"
10836,"2008-01-16 00:00:00","2008-01-21 00:00:00","Customer THHDP","Kane, John","Shipper GVSUA","Russell King"
10845,"2008-01-21 00:00:00","2008-01-30 00:00:00","Customer IRRVL","Veronesi, Giorgio","Shipper GVSUA","Maria Cameron"
10850,"2008-01-23 00:00:00","2008-01-30 00:00:00","Customer NRCSK","Tuntisangaroon, Sittichai","Shipper GVSUA","Sara Davis"
10851,"2008-01-26 00:00:00","2008-02-02 00:00:00","Customer QVEPD","Garden, Euan","Shipper GVSUA","Sven Buck"
10852,"2008-01-26 00:00:00","2008-01-30 00:00:00","Customer NYUHS","Moore, Michael","Shipper GVSUA","Maria Cameron"
10855,"2008-01-27 00:00:00","2008-02-04 00:00:00","Customer KZQZT","Egelund-Muller, Anja","Shipper GVSUA","Judy Lew"
10858,"2008-01-29 00:00:00","2008-02-03 00:00:00","Customer EFFTC","De Oliveira, Jose","Shipper GVSUA","Don Funk"
10865,"2008-02-02 00:00:00","2008-02-12 00:00:00","Customer IRRVL","Veronesi, Giorgio","Shipper GVSUA","Don Funk"
10866,"2008-02-03 00:00:00","2008-02-12 00:00:00","Customer HGVLZ","Higginbotham, Tom","Shipper GVSUA","Sven Buck"
10867,"2008-02-03 00:00:00","2008-02-11 00:00:00","Customer DVFMB","Szymczak, Radosław","Shipper GVSUA","Paul Suurs"
10869,"2008-02-04 00:00:00","2008-02-09 00:00:00","Customer AHPOP","Welcker, Brian","Shipper GVSUA","Sven Buck"
10873,"2008-02-06 00:00:00","2008-02-09 00:00:00","Customer XBBVR","Larsson, Katarina","Shipper GVSUA","Yael Peled"
10877,"2008-02-09 00:00:00","2008-02-19 00:00:00","Customer QVEPD","Garden, Euan","Shipper GVSUA","Sara Davis"
10878,"2008-02-10 00:00:00","2008-02-12 00:00:00","Customer IRRVL","Veronesi, Giorgio","Shipper GVSUA","Yael Peled"
10880,"2008-02-10 00:00:00","2008-02-18 00:00:00","Customer CYZTN","San Juan, Patricia","Shipper GVSUA","Russell King"
10881,"2008-02-11 00:00:00","2008-02-18 00:00:00","Customer PSNMQ","Ray, Mike","Shipper GVSUA","Yael Peled"
10886,"2008-02-13 00:00:00","2008-03-02 00:00:00","Customer IBVRG","Cohen, Shy","Shipper GVSUA","Sara Davis"
10890,"2008-02-16 00:00:00","2008-02-18 00:00:00","Customer BSVAR","Rizaldy, Arif","Shipper GVSUA","Russell King"
10894,"2008-02-18 00:00:00","2008-02-20 00:00:00","Customer LCOUJ","Navarro, Tomás","Shipper GVSUA","Sara Davis"
10895,"2008-02-18 00:00:00","2008-02-23 00:00:00","Customer THHDP","Kane, John","Shipper GVSUA","Judy Lew"
10901,"2008-02-23 00:00:00","2008-02-26 00:00:00","Customer UMTLM","Langohr, Kris","Shipper GVSUA","Yael Peled"
10902,"2008-02-23 00:00:00","2008-03-03 00:00:00","Customer CYZTN","San Juan, Patricia","Shipper GVSUA","Sara Davis"
10911,"2008-02-26 00:00:00","2008-03-05 00:00:00","Customer KSLQF","Shabalin, Rostislav","Shipper GVSUA","Judy Lew"
10913,"2008-02-26 00:00:00","2008-03-04 00:00:00","Customer WFIZJ","Misiec, Anna","Shipper GVSUA","Yael Peled"
10914,"2008-02-27 00:00:00","2008-03-02 00:00:00","Customer WFIZJ","Misiec, Anna","Shipper GVSUA","Paul Suurs"
10921,"2008-03-03 00:00:00","2008-03-09 00:00:00","Customer ZRNDE","Fonteneau, Karl","Shipper GVSUA","Sara Davis"
10925,"2008-03-04 00:00:00","2008-03-13 00:00:00","Customer IBVRG","Cohen, Shy","Shipper GVSUA","Judy Lew"
10927,"2008-03-05 00:00:00","2008-04-08 00:00:00","Customer EFFTC","De Oliveira, Jose","Shipper GVSUA","Yael Peled"
10928,"2008-03-05 00:00:00","2008-03-18 00:00:00","Customer MDLWA","Kolesnikova, Katerina","Shipper GVSUA","Sara Davis"
10929,"2008-03-05 00:00:00","2008-03-12 00:00:00","Customer AZJED","Carlson, Jason","Shipper GVSUA","Paul Suurs"
10932,"2008-03-06 00:00:00","2008-03-24 00:00:00","Customer RTXGC","Raghav, Amritansh","Shipper GVSUA","Maria Cameron"
10945,"2008-03-12 00:00:00","2008-03-18 00:00:00","Customer PZNLA","Dupont-Roc, Patrice","Shipper GVSUA","Yael Peled"
10952,"2008-03-16 00:00:00","2008-03-24 00:00:00","Customer NRZBB","Allen, Michael","Shipper GVSUA","Sara Davis"
10954,"2008-03-17 00:00:00","2008-03-20 00:00:00","Customer PSQUZ","Lupu, Cornel","Shipper GVSUA","Sven Buck"
10960,"2008-03-19 00:00:00","2008-04-08 00:00:00","Customer UMTLM","Langohr, Kris","Shipper GVSUA","Judy Lew"
10961,"2008-03-19 00:00:00","2008-03-30 00:00:00","Customer WFIZJ","Misiec, Anna","Shipper GVSUA","Maria Cameron"
10966,"2008-03-20 00:00:00","2008-04-08 00:00:00","Customer WNMAF","Jelitto, Jacek","Shipper GVSUA","Yael Peled"
10970,"2008-03-24 00:00:00","2008-04-24 00:00:00","Customer QUHWH","Ilyina, Julia","Shipper GVSUA","Zoya Dolgopyatova"
10976,"2008-03-25 00:00:00","2008-04-03 00:00:00","Customer UMTLM","Langohr, Kris","Shipper GVSUA","Sara Davis"
10980,"2008-03-27 00:00:00","2008-04-17 00:00:00","Customer CYZTN","San Juan, Patricia","Shipper GVSUA","Yael Peled"
10982,"2008-03-27 00:00:00","2008-04-08 00:00:00","Customer EEALV","Bassols, Pilar Colome","Shipper GVSUA","Don Funk"
10985,"2008-03-30 00:00:00","2008-04-02 00:00:00","Customer FRXZL","Crăciun, Ovidiu V.","Shipper GVSUA","Don Funk"
10987,"2008-03-31 00:00:00","2008-04-06 00:00:00","Customer RFNQC","Boseman, Randall","Shipper GVSUA","Maria Cameron"
10989,"2008-03-31 00:00:00","2008-04-02 00:00:00","Customer WULWD","Florczyk, Krzysztof","Shipper GVSUA","Don Funk"
10991,"2008-04-01 00:00:00","2008-04-07 00:00:00","Customer IRRVL","Veronesi, Giorgio","Shipper GVSUA","Sara Davis"
11002,"2008-04-06 00:00:00","2008-04-16 00:00:00","Customer LCOUJ","Navarro, Tomás","Shipper GVSUA","Yael Peled"
11004,"2008-04-07 00:00:00","2008-04-20 00:00:00","Customer JYPSC","Mace, Donald","Shipper GVSUA","Judy Lew"
11005,"2008-04-07 00:00:00","2008-04-10 00:00:00","Customer XBBVR","Larsson, Katarina","Shipper GVSUA","Don Funk"
11009,"2008-04-08 00:00:00","2008-04-10 00:00:00","Customer KSLQF","Shabalin, Rostislav","Shipper GVSUA","Don Funk"
11011,"2008-04-09 00:00:00","2008-04-13 00:00:00","Customer NRZBB","Allen, Michael","Shipper GVSUA","Judy Lew"
11013,"2008-04-09 00:00:00","2008-04-10 00:00:00","Customer SIUIH","Watters, Jason M.","Shipper GVSUA","Don Funk"
11021,"2008-04-14 00:00:00","2008-04-21 00:00:00","Customer IRRVL","Veronesi, Giorgio","Shipper GVSUA","Judy Lew"
11024,"2008-04-15 00:00:00","2008-04-20 00:00:00","Customer RFNQC","Boseman, Randall","Shipper GVSUA","Yael Peled"
11026,"2008-04-15 00:00:00","2008-04-28 00:00:00","Customer WMFEA","Schmöllerl, Martin","Shipper GVSUA","Yael Peled"
11027,"2008-04-16 00:00:00","2008-04-20 00:00:00","Customer EEALV","Bassols, Pilar Colome","Shipper GVSUA","Sara Davis"
11028,"2008-04-16 00:00:00","2008-04-22 00:00:00","Customer GLLAG","Song, Lolan","Shipper GVSUA","Don Funk"
11029,"2008-04-16 00:00:00","2008-04-27 00:00:00","Customer WNMAF","Jelitto, Jacek","Shipper GVSUA","Yael Peled"
11034,"2008-04-20 00:00:00","2008-04-27 00:00:00","Customer KZQZT","Egelund-Muller, Anja","Shipper GVSUA","Maria Cameron"
11037,"2008-04-21 00:00:00","2008-04-27 00:00:00","Customer KSLQF","Shabalin, Rostislav","Shipper GVSUA","Russell King"
11042,"2008-04-22 00:00:00","2008-05-01 00:00:00","Customer JUWXK","Richardson, Shawn","Shipper GVSUA","Don Funk"
11044,"2008-04-23 00:00:00","2008-05-01 00:00:00","Customer CCFIZ","Conn, Steve","Shipper GVSUA","Yael Peled"
11049,"2008-04-24 00:00:00","2008-05-04 00:00:00","Customer YJCBX","Cheng, Yao-Qiang","Shipper GVSUA","Judy Lew"
11052,"2008-04-27 00:00:00","2008-05-01 00:00:00","Customer IBVRG","Cohen, Shy","Shipper GVSUA","Judy Lew"
11054,"2008-04-28 00:00:00",NULL,"Customer PSNMQ","Ray, Mike","Shipper GVSUA","Maria Cameron"
11064,"2008-05-01 00:00:00","2008-05-04 00:00:00","Customer LCOUJ","Navarro, Tomás","Shipper GVSUA","Sara Davis"
11065,"2008-05-01 00:00:00",NULL,"Customer XPNIK","Dressler, Marlies","Shipper GVSUA","Maria Cameron"
11070,"2008-05-05 00:00:00",NULL,"Customer OXFRU","Louverdis, George","Shipper GVSUA","Don Funk"
11071,"2008-05-05 00:00:00",NULL,"Customer XPNIK","Dressler, Marlies","Shipper GVSUA","Sara Davis"
10250,"2006-07-08 00:00:00","2006-07-12 00:00:00","Customer IBVRG","Cohen, Shy","Shipper ETYNR","Yael Peled"
10252,"2006-07-09 00:00:00","2006-07-11 00:00:00","Customer SFOGW","Gulbis, Katrin","Shipper ETYNR","Yael Peled"
10253,"2006-07-10 00:00:00","2006-07-16 00:00:00","Customer IBVRG","Cohen, Shy","Shipper ETYNR","Judy Lew"
10254,"2006-07-11 00:00:00","2006-07-23 00:00:00","Customer WNMAF","Jelitto, Jacek","Shipper ETYNR","Sven Buck"
10256,"2006-07-15 00:00:00","2006-07-17 00:00:00","Customer SRQVM","Li, Yan","Shipper ETYNR","Judy Lew"
10261,"2006-07-19 00:00:00","2006-07-30 00:00:00","Customer WULWD","Florczyk, Krzysztof","Shipper ETYNR","Yael Peled"
10271,"2006-08-01 00:00:00","2006-08-30 00:00:00","Customer XOJYP","Wojciechowska, Agnieszka","Shipper ETYNR","Paul Suurs"
10272,"2006-08-02 00:00:00","2006-08-06 00:00:00","Customer NYUHS","Moore, Michael","Shipper ETYNR","Paul Suurs"
10278,"2006-08-12 00:00:00","2006-08-16 00:00:00","Customer HGVLZ","Higginbotham, Tom","Shipper ETYNR","Maria Cameron"
10279,"2006-08-13 00:00:00","2006-08-16 00:00:00","Customer OXFRU","Louverdis, George","Shipper ETYNR","Maria Cameron"
10285,"2006-08-20 00:00:00","2006-08-26 00:00:00","Customer IRRVL","Veronesi, Giorgio","Shipper ETYNR","Sara Davis"
10291,"2006-08-27 00:00:00","2006-09-04 00:00:00","Customer WULWD","Florczyk, Krzysztof","Shipper ETYNR","Paul Suurs"
10292,"2006-08-28 00:00:00","2006-09-02 00:00:00","Customer YQQWW","Nagel, Jean-Philippe","Shipper ETYNR","Sara Davis"
10294,"2006-08-30 00:00:00","2006-09-05 00:00:00","Customer NYUHS","Moore, Michael","Shipper ETYNR","Yael Peled"
10295,"2006-09-02 00:00:00","2006-09-10 00:00:00","Customer ENQZT","McLin, Nkenge","Shipper ETYNR","Don Funk"
10297,"2006-09-04 00:00:00","2006-09-10 00:00:00","Customer QXVLA","Bansal, Dushyant","Shipper ETYNR","Sven Buck"
10298,"2006-09-05 00:00:00","2006-09-11 00:00:00","Customer FRXZL","Crăciun, Ovidiu V.","Shipper ETYNR","Paul Suurs"
10299,"2006-09-06 00:00:00","2006-09-13 00:00:00","Customer QVEPD","Garden, Euan","Shipper ETYNR","Yael Peled"
10300,"2006-09-09 00:00:00","2006-09-18 00:00:00","Customer CQRAA","Duerr, Bernard","Shipper ETYNR","Don Funk"
10301,"2006-09-09 00:00:00","2006-09-17 00:00:00","Customer SNXOJ","Syamala, Manoj","Shipper ETYNR","Maria Cameron"
10302,"2006-09-10 00:00:00","2006-10-09 00:00:00","Customer SFOGW","Gulbis, Katrin","Shipper ETYNR","Yael Peled"
10303,"2006-09-11 00:00:00","2006-09-18 00:00:00","Customer KSLQF","Shabalin, Rostislav","Shipper ETYNR","Russell King"
10304,"2006-09-12 00:00:00","2006-09-17 00:00:00","Customer VONTK","Geschwandtner, Jens","Shipper ETYNR","Sara Davis"
10307,"2006-09-17 00:00:00","2006-09-25 00:00:00","Customer DVFMB","Szymczak, Radosław","Shipper ETYNR","Don Funk"
10310,"2006-09-20 00:00:00","2006-09-27 00:00:00","Customer LCYBZ","Osorio, Cristian","Shipper ETYNR","Maria Cameron"
10312,"2006-09-23 00:00:00","2006-10-03 00:00:00","Customer SNXOJ","Syamala, Manoj","Shipper ETYNR","Don Funk"
10313,"2006-09-24 00:00:00","2006-10-04 00:00:00","Customer IRRVL","Veronesi, Giorgio","Shipper ETYNR","Don Funk"
10314,"2006-09-25 00:00:00","2006-10-04 00:00:00","Customer NYUHS","Moore, Michael","Shipper ETYNR","Sara Davis"
10315,"2006-09-26 00:00:00","2006-10-03 00:00:00","Customer LJUCA","Lee, Frank","Shipper ETYNR","Yael Peled"
10318,"2006-10-01 00:00:00","2006-10-04 00:00:00","Customer LJUCA","Lee, Frank","Shipper ETYNR","Maria Cameron"
10321,"2006-10-03 00:00:00","2006-10-11 00:00:00","Customer LJUCA","Lee, Frank","Shipper ETYNR","Judy Lew"
10326,"2006-10-10 00:00:00","2006-10-14 00:00:00","Customer QUHWH","Ilyina, Julia","Shipper ETYNR","Yael Peled"
10329,"2006-10-15 00:00:00","2006-10-23 00:00:00","Customer XOJYP","Wojciechowska, Agnieszka","Shipper ETYNR","Yael Peled"
10332,"2006-10-17 00:00:00","2006-10-21 00:00:00","Customer PVDZC","Taylor, Maurice","Shipper ETYNR","Judy Lew"
10334,"2006-10-21 00:00:00","2006-10-28 00:00:00","Customer NRCSK","Tuntisangaroon, Sittichai","Shipper ETYNR","Maria Cameron"
10335,"2006-10-22 00:00:00","2006-10-24 00:00:00","Customer FRXZL","Crăciun, Ovidiu V.","Shipper ETYNR","Russell King"
10336,"2006-10-23 00:00:00","2006-10-25 00:00:00","Customer QZURI","Uppal, Sunil","Shipper ETYNR","Russell King"
10339,"2006-10-28 00:00:00","2006-11-04 00:00:00","Customer PVDZC","Taylor, Maurice","Shipper ETYNR","Don Funk"
10342,"2006-10-30 00:00:00","2006-11-04 00:00:00","Customer AZJED","Carlson, Jason","Shipper ETYNR","Yael Peled"
10344,"2006-11-01 00:00:00","2006-11-05 00:00:00","Customer YBQTI","Smith Jr., Ronaldo","Shipper ETYNR","Yael Peled"
10345,"2006-11-04 00:00:00","2006-11-11 00:00:00","Customer IRRVL","Veronesi, Giorgio","Shipper ETYNR","Don Funk"
10348,"2006-11-07 00:00:00","2006-11-15 00:00:00","Customer SNXOJ","Syamala, Manoj","Shipper ETYNR","Yael Peled"
10350,"2006-11-11 00:00:00","2006-12-03 00:00:00","Customer XIIWM","Litton, Tim","Shipper ETYNR","Paul Suurs"
10356,"2006-11-18 00:00:00","2006-11-27 00:00:00","Customer SNXOJ","Syamala, Manoj","Shipper ETYNR","Paul Suurs"
10361,"2006-11-22 00:00:00","2006-12-03 00:00:00","Customer IRRVL","Veronesi, Giorgio","Shipper ETYNR","Sara Davis"
10365,"2006-11-27 00:00:00","2006-12-02 00:00:00","Customer KBUDE","Peoples, John","Shipper ETYNR","Judy Lew"
10366,"2006-11-28 00:00:00","2006-12-30 00:00:00","Customer MDLWA","Kolesnikova, Katerina","Shipper ETYNR","Maria Cameron"
10368,"2006-11-29 00:00:00","2006-12-02 00:00:00","Customer THHDP","Kane, John","Shipper ETYNR","Don Funk"
10369,"2006-12-02 00:00:00","2006-12-09 00:00:00","Customer XOJYP","Wojciechowska, Agnieszka","Shipper ETYNR","Maria Cameron"
10370,"2006-12-03 00:00:00","2006-12-27 00:00:00","Customer WNMAF","Jelitto, Jacek","Shipper ETYNR","Paul Suurs"
10372,"2006-12-04 00:00:00","2006-12-09 00:00:00","Customer WFIZJ","Misiec, Anna","Shipper ETYNR","Sven Buck"
10375,"2006-12-06 00:00:00","2006-12-09 00:00:00","Customer LVJSO","Smith, Denise","Shipper ETYNR","Judy Lew"
10376,"2006-12-09 00:00:00","2006-12-13 00:00:00","Customer PVDZC","Taylor, Maurice","Shipper ETYNR","Sara Davis"
10385,"2006-12-17 00:00:00","2006-12-23 00:00:00","Customer XOJYP","Wojciechowska, Agnieszka","Shipper ETYNR","Sara Davis"
10387,"2006-12-18 00:00:00","2006-12-20 00:00:00","Customer TMXGN","Ginters, Kaspars","Shipper ETYNR","Sara Davis"
10389,"2006-12-20 00:00:00","2006-12-24 00:00:00","Customer EEALV","Bassols, Pilar Colome","Shipper ETYNR","Yael Peled"
10402,"2007-01-02 00:00:00","2007-01-10 00:00:00","Customer THHDP","Kane, John","Shipper ETYNR","Maria Cameron"
10407,"2007-01-07 00:00:00","2007-01-30 00:00:00","Customer QNIVZ","Marinova, Nadejda","Shipper ETYNR","Don Funk"
10412,"2007-01-13 00:00:00","2007-01-15 00:00:00","Customer ZHYOS","Ludwig, Michael","Shipper ETYNR","Maria Cameron"
10413,"2007-01-14 00:00:00","2007-01-16 00:00:00","Customer XIIWM","Litton, Tim","Shipper ETYNR","Judy Lew"
10419,"2007-01-20 00:00:00","2007-01-30 00:00:00","Customer CCKOT","Myrcha, Jacek","Shipper ETYNR","Yael Peled"
10424,"2007-01-23 00:00:00","2007-01-27 00:00:00","Customer PVDZC","Taylor, Maurice","Shipper ETYNR","Russell King"
10425,"2007-01-24 00:00:00","2007-02-14 00:00:00","Customer XIIWM","Litton, Tim","Shipper ETYNR","Paul Suurs"
10427,"2007-01-27 00:00:00","2007-03-03 00:00:00","Customer LOLJO","Meston, Tosh","Shipper ETYNR","Yael Peled"
10429,"2007-01-29 00:00:00","2007-02-07 00:00:00","Customer FRXZL","Crăciun, Ovidiu V.","Shipper ETYNR","Judy Lew"
10431,"2007-01-30 00:00:00","2007-02-07 00:00:00","Customer EEALV","Bassols, Pilar Colome","Shipper ETYNR","Yael Peled"
10432,"2007-01-31 00:00:00","2007-02-07 00:00:00","Customer XOJYP","Wojciechowska, Agnieszka","Shipper ETYNR","Judy Lew"
10434,"2007-02-03 00:00:00","2007-02-13 00:00:00","Customer CYZTN","San Juan, Patricia","Shipper ETYNR","Judy Lew"
10435,"2007-02-04 00:00:00","2007-02-07 00:00:00","Customer GYBBY","Birkby, Dana","Shipper ETYNR","Maria Cameron"
10436,"2007-02-05 00:00:00","2007-02-11 00:00:00","Customer QXVLA","Bansal, Dushyant","Shipper ETYNR","Judy Lew"
10438,"2007-02-06 00:00:00","2007-02-14 00:00:00","Customer FAPSM","Wickham, Jim","Shipper ETYNR","Judy Lew"
10440,"2007-02-10 00:00:00","2007-02-28 00:00:00","Customer LCOUJ","Navarro, Tomás","Shipper ETYNR","Yael Peled"
10441,"2007-02-10 00:00:00","2007-03-14 00:00:00","Customer KZQZT","Egelund-Muller, Anja","Shipper ETYNR","Judy Lew"
10442,"2007-02-11 00:00:00","2007-02-18 00:00:00","Customer THHDP","Kane, John","Shipper ETYNR","Judy Lew"
10447,"2007-02-14 00:00:00","2007-03-07 00:00:00","Customer QVEPD","Garden, Euan","Shipper ETYNR","Yael Peled"
10448,"2007-02-17 00:00:00","2007-02-24 00:00:00","Customer LWGMD","Gaffney, Lawrie","Shipper ETYNR","Yael Peled"
10449,"2007-02-18 00:00:00","2007-02-27 00:00:00","Customer QXVLA","Bansal, Dushyant","Shipper ETYNR","Judy Lew"
10450,"2007-02-19 00:00:00","2007-03-11 00:00:00","Customer NRCSK","Tuntisangaroon, Sittichai","Shipper ETYNR","Maria Cameron"
10453,"2007-02-21 00:00:00","2007-02-26 00:00:00","Customer HFBZG","Arndt, Torsten","Shipper ETYNR","Sara Davis"
10455,"2007-02-24 00:00:00","2007-03-03 00:00:00","Customer ZHYOS","Ludwig, Michael","Shipper ETYNR","Maria Cameron"
10456,"2007-02-25 00:00:00","2007-02-28 00:00:00","Customer GLLAG","Song, Lolan","Shipper ETYNR","Maria Cameron"
10459,"2007-02-27 00:00:00","2007-02-28 00:00:00","Customer NRCSK","Tuntisangaroon, Sittichai","Shipper ETYNR","Yael Peled"
10464,"2007-03-04 00:00:00","2007-03-14 00:00:00","Customer XYUFB","Cavaglieri, Giorgio","Shipper ETYNR","Yael Peled"
10467,"2007-03-06 00:00:00","2007-03-11 00:00:00","Customer CQRAA","Duerr, Bernard","Shipper ETYNR","Maria Cameron"
10470,"2007-03-11 00:00:00","2007-03-14 00:00:00","Customer RTXGC","Raghav, Amritansh","Shipper ETYNR","Yael Peled"
10474,"2007-03-13 00:00:00","2007-03-21 00:00:00","Customer AHXHT","Fakhouri, Fadi","Shipper ETYNR","Sven Buck"
10477,"2007-03-17 00:00:00","2007-03-25 00:00:00","Customer QZURI","Uppal, Sunil","Shipper ETYNR","Sven Buck"
10480,"2007-03-20 00:00:00","2007-03-24 00:00:00","Customer WVFAF","Khanna, Karan","Shipper ETYNR","Paul Suurs"
10481,"2007-03-20 00:00:00","2007-03-25 00:00:00","Customer QVEPD","Garden, Euan","Shipper ETYNR","Maria Cameron"
10483,"2007-03-24 00:00:00","2007-04-25 00:00:00","Customer YBQTI","Smith Jr., Ronaldo","Shipper ETYNR","Russell King"
10485,"2007-03-25 00:00:00","2007-03-31 00:00:00","Customer PSQUZ","Lupu, Cornel","Shipper ETYNR","Yael Peled"
10486,"2007-03-26 00:00:00","2007-04-02 00:00:00","Customer UMTLM","Langohr, Kris","Shipper ETYNR","Sara Davis"
10487,"2007-03-26 00:00:00","2007-03-28 00:00:00","Customer WFIZJ","Misiec, Anna","Shipper ETYNR","Don Funk"
10488,"2007-03-27 00:00:00","2007-04-02 00:00:00","Customer AZJED","Carlson, Jason","Shipper ETYNR","Maria Cameron"
10489,"2007-03-28 00:00:00","2007-04-09 00:00:00","Customer LOLJO","Meston, Tosh","Shipper ETYNR","Paul Suurs"
10490,"2007-03-31 00:00:00","2007-04-03 00:00:00","Customer UMTLM","Langohr, Kris","Shipper ETYNR","Russell King"
10494,"2007-04-02 00:00:00","2007-04-09 00:00:00","Customer JUWXK","Richardson, Shawn","Shipper ETYNR","Yael Peled"
10496,"2007-04-04 00:00:00","2007-04-07 00:00:00","Customer YQQWW","Nagel, Jean-Philippe","Shipper ETYNR","Russell King"
10498,"2007-04-07 00:00:00","2007-04-11 00:00:00","Customer UMTLM","Langohr, Kris","Shipper ETYNR","Maria Cameron"
10499,"2007-04-08 00:00:00","2007-04-16 00:00:00","Customer XPNIK","Dressler, Marlies","Shipper ETYNR","Yael Peled"
10503,"2007-04-11 00:00:00","2007-04-16 00:00:00","Customer FRXZL","Crăciun, Ovidiu V.","Shipper ETYNR","Paul Suurs"
10506,"2007-04-15 00:00:00","2007-05-02 00:00:00","Customer GLLAG","Song, Lolan","Shipper ETYNR","Zoya Dolgopyatova"
10508,"2007-04-16 00:00:00","2007-05-13 00:00:00","Customer QNIVZ","Marinova, Nadejda","Shipper ETYNR","Sara Davis"
10512,"2007-04-21 00:00:00","2007-04-24 00:00:00","Customer KIdPX","Russo, Giuseppe","Shipper ETYNR","Russell King"
10514,"2007-04-22 00:00:00","2007-05-16 00:00:00","Customer THHDP","Kane, John","Shipper ETYNR","Judy Lew"
10518,"2007-04-25 00:00:00","2007-05-05 00:00:00","Customer VONTK","Geschwandtner, Jens","Shipper ETYNR","Yael Peled"
10521,"2007-04-29 00:00:00","2007-05-02 00:00:00","Customer PSNMQ","Ray, Mike","Shipper ETYNR","Maria Cameron"
10523,"2007-05-01 00:00:00","2007-05-30 00:00:00","Customer AHPOP","Welcker, Brian","Shipper ETYNR","Russell King"
10524,"2007-05-01 00:00:00","2007-05-07 00:00:00","Customer HGVLZ","Higginbotham, Tom","Shipper ETYNR","Sara Davis"
10525,"2007-05-02 00:00:00","2007-05-23 00:00:00","Customer RTXGC","Raghav, Amritansh","Shipper ETYNR","Sara Davis"
10526,"2007-05-05 00:00:00","2007-05-15 00:00:00","Customer ZHYOS","Ludwig, Michael","Shipper ETYNR","Yael Peled"
10528,"2007-05-06 00:00:00","2007-05-09 00:00:00","Customer YSIQX","Krishnan, Venky","Shipper ETYNR","Paul Suurs"
10529,"2007-05-07 00:00:00","2007-05-09 00:00:00","Customer JYPSC","Mace, Donald","Shipper ETYNR","Sven Buck"
10530,"2007-05-08 00:00:00","2007-05-12 00:00:00","Customer LOLJO","Meston, Tosh","Shipper ETYNR","Judy Lew"
10534,"2007-05-12 00:00:00","2007-05-14 00:00:00","Customer OXFRU","Louverdis, George","Shipper ETYNR","Maria Cameron"
10536,"2007-05-14 00:00:00","2007-06-06 00:00:00","Customer OXFRU","Louverdis, George","Shipper ETYNR","Judy Lew"
10543,"2007-05-21 00:00:00","2007-05-23 00:00:00","Customer XPNIK","Dressler, Marlies","Shipper ETYNR","Maria Cameron"
10545,"2007-05-22 00:00:00","2007-06-26 00:00:00","Customer UISOJ","Deshpande, Anu","Shipper ETYNR","Maria Cameron"
10547,"2007-05-23 00:00:00","2007-06-02 00:00:00","Customer AHPOP","Welcker, Brian","Shipper ETYNR","Judy Lew"
10548,"2007-05-26 00:00:00","2007-06-02 00:00:00","Customer FAPSM","Wickham, Jim","Shipper ETYNR","Judy Lew"
10553,"2007-05-30 00:00:00","2007-06-03 00:00:00","Customer ZHYOS","Ludwig, Michael","Shipper ETYNR","Don Funk"
10557,"2007-06-03 00:00:00","2007-06-06 00:00:00","Customer OXFRU","Louverdis, George","Shipper ETYNR","Zoya Dolgopyatova"
10558,"2007-06-04 00:00:00","2007-06-10 00:00:00","Customer HFBZG","Arndt, Torsten","Shipper ETYNR","Sara Davis"
10561,"2007-06-06 00:00:00","2007-06-09 00:00:00","Customer CYZTN","San Juan, Patricia","Shipper ETYNR","Don Funk"
10563,"2007-06-10 00:00:00","2007-06-24 00:00:00","Customer QVEPD","Garden, Euan","Shipper ETYNR","Don Funk"
10565,"2007-06-11 00:00:00","2007-06-18 00:00:00","Customer PVDZC","Taylor, Maurice","Shipper ETYNR","Maria Cameron"
10572,"2007-06-18 00:00:00","2007-06-25 00:00:00","Customer HGVLZ","Higginbotham, Tom","Shipper ETYNR","Judy Lew"
10574,"2007-06-19 00:00:00","2007-06-30 00:00:00","Customer EYHKM","Veninga, Tjeerd","Shipper ETYNR","Yael Peled"
10577,"2007-06-23 00:00:00","2007-06-30 00:00:00","Customer EYHKM","Veninga, Tjeerd","Shipper ETYNR","Zoya Dolgopyatova"
10579,"2007-06-25 00:00:00","2007-07-04 00:00:00","Customer QXPPT","Sunkammurali,  Krishna","Shipper ETYNR","Sara Davis"
10582,"2007-06-27 00:00:00","2007-07-14 00:00:00","Customer XHXJV","Poland, Carole","Shipper ETYNR","Judy Lew"
10583,"2007-06-30 00:00:00","2007-07-04 00:00:00","Customer ZHYOS","Ludwig, Michael","Shipper ETYNR","Don Funk"
10589,"2007-07-04 00:00:00","2007-07-14 00:00:00","Customer YSIQX","Krishnan, Venky","Shipper ETYNR","Maria Cameron"
10593,"2007-07-09 00:00:00","2007-08-13 00:00:00","Customer OXFRU","Louverdis, George","Shipper ETYNR","Russell King"
10594,"2007-07-09 00:00:00","2007-07-16 00:00:00","Customer KZQZT","Egelund-Muller, Anja","Shipper ETYNR","Judy Lew"
10602,"2007-07-17 00:00:00","2007-07-22 00:00:00","Customer ZRNDE","Fonteneau, Karl","Shipper ETYNR","Maria Cameron"
10603,"2007-07-18 00:00:00","2007-08-08 00:00:00","Customer LCOUJ","Navarro, Tomás","Shipper ETYNR","Maria Cameron"
10605,"2007-07-21 00:00:00","2007-07-29 00:00:00","Customer PVDZC","Taylor, Maurice","Shipper ETYNR","Sara Davis"
10608,"2007-07-23 00:00:00","2007-08-01 00:00:00","Customer FAPSM","Wickham, Jim","Shipper ETYNR","Yael Peled"
10609,"2007-07-24 00:00:00","2007-07-30 00:00:00","Customer BSVAR","Rizaldy, Arif","Shipper ETYNR","Russell King"
10611,"2007-07-25 00:00:00","2007-08-01 00:00:00","Customer CCFIZ","Conn, Steve","Shipper ETYNR","Paul Suurs"
10612,"2007-07-28 00:00:00","2007-08-01 00:00:00","Customer LCOUJ","Navarro, Tomás","Shipper ETYNR","Sara Davis"
10613,"2007-07-29 00:00:00","2007-08-01 00:00:00","Customer UMTLM","Langohr, Kris","Shipper ETYNR","Yael Peled"
10616,"2007-07-31 00:00:00","2007-08-05 00:00:00","Customer YSIQX","Krishnan, Venky","Shipper ETYNR","Sara Davis"
10617,"2007-07-31 00:00:00","2007-08-04 00:00:00","Customer YSIQX","Krishnan, Venky","Shipper ETYNR","Yael Peled"
10621,"2007-08-05 00:00:00","2007-08-11 00:00:00","Customer LJUCA","Lee, Frank","Shipper ETYNR","Yael Peled"
10623,"2007-08-07 00:00:00","2007-08-12 00:00:00","Customer AZJED","Carlson, Jason","Shipper ETYNR","Maria Cameron"
10624,"2007-08-07 00:00:00","2007-08-19 00:00:00","Customer NLTYP","Young, Robin","Shipper ETYNR","Yael Peled"
10626,"2007-08-11 00:00:00","2007-08-20 00:00:00","Customer HGVLZ","Higginbotham, Tom","Shipper ETYNR","Sara Davis"
10630,"2007-08-13 00:00:00","2007-08-19 00:00:00","Customer GLLAG","Song, Lolan","Shipper ETYNR","Sara Davis"
10641,"2007-08-22 00:00:00","2007-08-26 00:00:00","Customer UMTLM","Langohr, Kris","Shipper ETYNR","Yael Peled"
10644,"2007-08-25 00:00:00","2007-09-01 00:00:00","Customer SRQVM","Li, Yan","Shipper ETYNR","Judy Lew"
10647,"2007-08-27 00:00:00","2007-09-03 00:00:00","Customer WULWD","Florczyk, Krzysztof","Shipper ETYNR","Yael Peled"
10648,"2007-08-28 00:00:00","2007-09-09 00:00:00","Customer QVEPD","Garden, Euan","Shipper ETYNR","Sven Buck"
10651,"2007-09-01 00:00:00","2007-09-11 00:00:00","Customer SNXOJ","Syamala, Manoj","Shipper ETYNR","Maria Cameron"
10652,"2007-09-01 00:00:00","2007-09-08 00:00:00","Customer YJCBX","Cheng, Yao-Qiang","Shipper ETYNR","Yael Peled"
10655,"2007-09-03 00:00:00","2007-09-11 00:00:00","Customer LHANT","Voss, Florian","Shipper ETYNR","Sara Davis"
10657,"2007-09-04 00:00:00","2007-09-15 00:00:00","Customer LCOUJ","Navarro, Tomás","Shipper ETYNR","Don Funk"
10659,"2007-09-05 00:00:00","2007-09-10 00:00:00","Customer WFIZJ","Misiec, Anna","Shipper ETYNR","Russell King"
10662,"2007-09-09 00:00:00","2007-09-18 00:00:00","Customer DVFMB","Szymczak, Radosław","Shipper ETYNR","Judy Lew"
10663,"2007-09-10 00:00:00","2007-10-03 00:00:00","Customer RTXGC","Raghav, Amritansh","Shipper ETYNR","Don Funk"
10665,"2007-09-11 00:00:00","2007-09-17 00:00:00","Customer DVFMB","Szymczak, Radosław","Shipper ETYNR","Sara Davis"
10666,"2007-09-12 00:00:00","2007-09-22 00:00:00","Customer CCKOT","Myrcha, Jacek","Shipper ETYNR","Russell King"
10668,"2007-09-15 00:00:00","2007-09-23 00:00:00","Customer SNXOJ","Syamala, Manoj","Shipper ETYNR","Sara Davis"
10672,"2007-09-17 00:00:00","2007-09-26 00:00:00","Customer HGVLZ","Higginbotham, Tom","Shipper ETYNR","Zoya Dolgopyatova"
10674,"2007-09-18 00:00:00","2007-09-30 00:00:00","Customer LJUCA","Lee, Frank","Shipper ETYNR","Yael Peled"
10675,"2007-09-19 00:00:00","2007-09-23 00:00:00","Customer AZJED","Carlson, Jason","Shipper ETYNR","Sven Buck"
10676,"2007-09-22 00:00:00","2007-09-29 00:00:00","Customer VONTK","Geschwandtner, Jens","Shipper ETYNR","Don Funk"
10682,"2007-09-25 00:00:00","2007-10-01 00:00:00","Customer KBUDE","Peoples, John","Shipper ETYNR","Judy Lew"
10685,"2007-09-29 00:00:00","2007-10-03 00:00:00","Customer YJCBX","Cheng, Yao-Qiang","Shipper ETYNR","Yael Peled"
10687,"2007-09-30 00:00:00","2007-10-30 00:00:00","Customer FRXZL","Crăciun, Ovidiu V.","Shipper ETYNR","Zoya Dolgopyatova"
10688,"2007-10-01 00:00:00","2007-10-07 00:00:00","Customer ZRNDE","Fonteneau, Karl","Shipper ETYNR","Yael Peled"
10689,"2007-10-01 00:00:00","2007-10-07 00:00:00","Customer HGVLZ","Higginbotham, Tom","Shipper ETYNR","Sara Davis"
10691,"2007-10-03 00:00:00","2007-10-22 00:00:00","Customer IRRVL","Veronesi, Giorgio","Shipper ETYNR","Don Funk"
10692,"2007-10-03 00:00:00","2007-10-13 00:00:00","Customer NRZBB","Allen, Michael","Shipper ETYNR","Yael Peled"
10703,"2007-10-14 00:00:00","2007-10-20 00:00:00","Customer CYZTN","San Juan, Patricia","Shipper ETYNR","Paul Suurs"
10705,"2007-10-15 00:00:00","2007-11-18 00:00:00","Customer UMTLM","Langohr, Kris","Shipper ETYNR","Zoya Dolgopyatova"
10708,"2007-10-17 00:00:00","2007-11-05 00:00:00","Customer LCYBZ","Osorio, Cristian","Shipper ETYNR","Paul Suurs"
10711,"2007-10-21 00:00:00","2007-10-29 00:00:00","Customer LCOUJ","Navarro, Tomás","Shipper ETYNR","Sven Buck"
10716,"2007-10-24 00:00:00","2007-10-27 00:00:00","Customer LWGMD","Gaffney, Lawrie","Shipper ETYNR","Yael Peled"
10717,"2007-10-24 00:00:00","2007-10-29 00:00:00","Customer AZJED","Carlson, Jason","Shipper ETYNR","Sara Davis"
10719,"2007-10-27 00:00:00","2007-11-05 00:00:00","Customer QXPPT","Sunkammurali,  Krishna","Shipper ETYNR","Maria Cameron"
10720,"2007-10-28 00:00:00","2007-11-05 00:00:00","Customer WULWD","Florczyk, Krzysztof","Shipper ETYNR","Maria Cameron"
10724,"2007-10-30 00:00:00","2007-11-05 00:00:00","Customer PVDZC","Taylor, Maurice","Shipper ETYNR","Maria Cameron"
10728,"2007-11-04 00:00:00","2007-11-11 00:00:00","Customer WFIZJ","Misiec, Anna","Shipper ETYNR","Yael Peled"
10735,"2007-11-10 00:00:00","2007-11-21 00:00:00","Customer QXPPT","Sunkammurali,  Krishna","Shipper ETYNR","Paul Suurs"
10736,"2007-11-11 00:00:00","2007-11-21 00:00:00","Customer FRXZL","Crăciun, Ovidiu V.","Shipper ETYNR","Zoya Dolgopyatova"
10737,"2007-11-11 00:00:00","2007-11-18 00:00:00","Customer ENQZT","McLin, Nkenge","Shipper ETYNR","Don Funk"
10740,"2007-11-13 00:00:00","2007-11-25 00:00:00","Customer YBQTI","Smith Jr., Ronaldo","Shipper ETYNR","Yael Peled"
10743,"2007-11-17 00:00:00","2007-11-21 00:00:00","Customer HFBZG","Arndt, Torsten","Shipper ETYNR","Sara Davis"
10749,"2007-11-20 00:00:00","2007-12-19 00:00:00","Customer LJUCA","Lee, Frank","Shipper ETYNR","Yael Peled"
10755,"2007-11-26 00:00:00","2007-11-28 00:00:00","Customer RTXGC","Raghav, Amritansh","Shipper ETYNR","Yael Peled"
10756,"2007-11-27 00:00:00","2007-12-02 00:00:00","Customer XOJYP","Wojciechowska, Agnieszka","Shipper ETYNR","Maria Cameron"
10761,"2007-12-02 00:00:00","2007-12-08 00:00:00","Customer NYUHS","Moore, Michael","Shipper ETYNR","Sven Buck"
10768,"2007-12-08 00:00:00","2007-12-15 00:00:00","Customer HFBZG","Arndt, Torsten","Shipper ETYNR","Judy Lew"
10771,"2007-12-10 00:00:00","2008-01-02 00:00:00","Customer THHDP","Kane, John","Shipper ETYNR","Zoya Dolgopyatova"
10772,"2007-12-10 00:00:00","2007-12-19 00:00:00","Customer OXFRU","Louverdis, George","Shipper ETYNR","Judy Lew"
10777,"2007-12-15 00:00:00","2008-01-21 00:00:00","Customer YJCBX","Cheng, Yao-Qiang","Shipper ETYNR","Russell King"
10779,"2007-12-16 00:00:00","2008-01-14 00:00:00","Customer PZNLA","Dupont-Roc, Patrice","Shipper ETYNR","Judy Lew"
10783,"2007-12-18 00:00:00","2007-12-19 00:00:00","Customer IBVRG","Cohen, Shy","Shipper ETYNR","Yael Peled"
10788,"2007-12-22 00:00:00","2008-01-19 00:00:00","Customer IRRVL","Veronesi, Giorgio","Shipper ETYNR","Sara Davis"
10789,"2007-12-22 00:00:00","2007-12-31 00:00:00","Customer WVFAF","Khanna, Karan","Shipper ETYNR","Sara Davis"
10791,"2007-12-23 00:00:00","2008-01-01 00:00:00","Customer AZJED","Carlson, Jason","Shipper ETYNR","Paul Suurs"
10795,"2007-12-24 00:00:00","2008-01-20 00:00:00","Customer THHDP","Kane, John","Shipper ETYNR","Maria Cameron"
10797,"2007-12-25 00:00:00","2008-01-05 00:00:00","Customer FEVNN","Jones, TiAnna","Shipper ETYNR","Russell King"
10801,"2007-12-29 00:00:00","2007-12-31 00:00:00","Customer QUHWH","Ilyina, Julia","Shipper ETYNR","Yael Peled"
10802,"2007-12-29 00:00:00","2008-01-02 00:00:00","Customer JMIKW","Gonzalez, Nuria","Shipper ETYNR","Yael Peled"
10804,"2007-12-30 00:00:00","2008-01-07 00:00:00","Customer AHPOP","Welcker, Brian","Shipper ETYNR","Paul Suurs"
10806,"2007-12-31 00:00:00","2008-01-05 00:00:00","Customer NRCSK","Tuntisangaroon, Sittichai","Shipper ETYNR","Judy Lew"
10816,"2008-01-06 00:00:00","2008-02-04 00:00:00","Customer YSIQX","Krishnan, Venky","Shipper ETYNR","Yael Peled"
10817,"2008-01-06 00:00:00","2008-01-13 00:00:00","Customer GLLAG","Song, Lolan","Shipper ETYNR","Judy Lew"
10820,"2008-01-07 00:00:00","2008-01-13 00:00:00","Customer NYUHS","Moore, Michael","Shipper ETYNR","Judy Lew"
10823,"2008-01-09 00:00:00","2008-01-13 00:00:00","Customer XPNIK","Dressler, Marlies","Shipper ETYNR","Sven Buck"
10827,"2008-01-12 00:00:00","2008-02-06 00:00:00","Customer RTXGC","Raghav, Amritansh","Shipper ETYNR","Sara Davis"
10830,"2008-01-13 00:00:00","2008-01-21 00:00:00","Customer YQQWW","Nagel, Jean-Philippe","Shipper ETYNR","Yael Peled"
10831,"2008-01-14 00:00:00","2008-01-23 00:00:00","Customer TMXGN","Ginters, Kaspars","Shipper ETYNR","Judy Lew"
10832,"2008-01-14 00:00:00","2008-01-19 00:00:00","Customer XIIWM","Litton, Tim","Shipper ETYNR","Don Funk"
10833,"2008-01-15 00:00:00","2008-01-23 00:00:00","Customer QNIVZ","Marinova, Nadejda","Shipper ETYNR","Paul Suurs"
10840,"2008-01-19 00:00:00","2008-02-16 00:00:00","Customer PSQUZ","Lupu, Cornel","Shipper ETYNR","Yael Peled"
10841,"2008-01-20 00:00:00","2008-01-29 00:00:00","Customer SFOGW","Gulbis, Katrin","Shipper ETYNR","Sven Buck"
10843,"2008-01-21 00:00:00","2008-01-26 00:00:00","Customer NRCSK","Tuntisangaroon, Sittichai","Shipper ETYNR","Yael Peled"
10844,"2008-01-21 00:00:00","2008-01-26 00:00:00","Customer LOLJO","Meston, Tosh","Shipper ETYNR","Maria Cameron"
10848,"2008-01-23 00:00:00","2008-01-29 00:00:00","Customer GYBBY","Birkby, Dana","Shipper ETYNR","Russell King"
10849,"2008-01-23 00:00:00","2008-01-30 00:00:00","Customer GLLAG","Song, Lolan","Shipper ETYNR","Zoya Dolgopyatova"
10853,"2008-01-27 00:00:00","2008-02-03 00:00:00","Customer XHXJV","Poland, Carole","Shipper ETYNR","Zoya Dolgopyatova"
10854,"2008-01-27 00:00:00","2008-02-05 00:00:00","Customer THHDP","Kane, John","Shipper ETYNR","Judy Lew"
10856,"2008-01-28 00:00:00","2008-02-10 00:00:00","Customer KBUDE","Peoples, John","Shipper ETYNR","Judy Lew"
10857,"2008-01-28 00:00:00","2008-02-06 00:00:00","Customer HGVLZ","Higginbotham, Tom","Shipper ETYNR","Maria Cameron"
10859,"2008-01-29 00:00:00","2008-02-02 00:00:00","Customer AZJED","Carlson, Jason","Shipper ETYNR","Sara Davis"
10861,"2008-01-30 00:00:00","2008-02-17 00:00:00","Customer YBQTI","Smith Jr., Ronaldo","Shipper ETYNR","Yael Peled"
10862,"2008-01-30 00:00:00","2008-02-02 00:00:00","Customer OXFRU","Louverdis, George","Shipper ETYNR","Maria Cameron"
10863,"2008-02-02 00:00:00","2008-02-17 00:00:00","Customer UMTLM","Langohr, Kris","Shipper ETYNR","Yael Peled"
10864,"2008-02-02 00:00:00","2008-02-09 00:00:00","Customer HFBZG","Arndt, Torsten","Shipper ETYNR","Yael Peled"
10868,"2008-02-04 00:00:00","2008-02-23 00:00:00","Customer WFIZJ","Misiec, Anna","Shipper ETYNR","Russell King"
10871,"2008-02-05 00:00:00","2008-02-10 00:00:00","Customer RTXGC","Raghav, Amritansh","Shipper ETYNR","Zoya Dolgopyatova"
10872,"2008-02-05 00:00:00","2008-02-09 00:00:00","Customer KSLQF","Shabalin, Rostislav","Shipper ETYNR","Sven Buck"
10874,"2008-02-06 00:00:00","2008-02-11 00:00:00","Customer KSLQF","Shabalin, Rostislav","Shipper ETYNR","Sven Buck"
10875,"2008-02-06 00:00:00","2008-03-03 00:00:00","Customer HGVLZ","Higginbotham, Tom","Shipper ETYNR","Yael Peled"
10884,"2008-02-12 00:00:00","2008-02-13 00:00:00","Customer QXPPT","Sunkammurali,  Krishna","Shipper ETYNR","Yael Peled"
10888,"2008-02-16 00:00:00","2008-02-23 00:00:00","Customer KSLQF","Shabalin, Rostislav","Shipper ETYNR","Sara Davis"
10891,"2008-02-17 00:00:00","2008-02-19 00:00:00","Customer OXFRU","Louverdis, George","Shipper ETYNR","Russell King"
10892,"2008-02-17 00:00:00","2008-02-19 00:00:00","Customer JYPSC","Mace, Donald","Shipper ETYNR","Yael Peled"
10893,"2008-02-18 00:00:00","2008-02-20 00:00:00","Customer GLLAG","Song, Lolan","Shipper ETYNR","Zoya Dolgopyatova"
10897,"2008-02-19 00:00:00","2008-02-25 00:00:00","Customer FRXZL","Crăciun, Ovidiu V.","Shipper ETYNR","Judy Lew"
10898,"2008-02-20 00:00:00","2008-03-06 00:00:00","Customer TDKEG","Tiano, Mike","Shipper ETYNR","Yael Peled"
10900,"2008-02-20 00:00:00","2008-03-04 00:00:00","Customer SRQVM","Li, Yan","Shipper ETYNR","Sara Davis"
10905,"2008-02-24 00:00:00","2008-03-06 00:00:00","Customer SRQVM","Li, Yan","Shipper ETYNR","Zoya Dolgopyatova"
10908,"2008-02-26 00:00:00","2008-03-06 00:00:00","Customer LHANT","Voss, Florian","Shipper ETYNR","Yael Peled"
10909,"2008-02-26 00:00:00","2008-03-10 00:00:00","Customer TMXGN","Ginters, Kaspars","Shipper ETYNR","Sara Davis"
10912,"2008-02-26 00:00:00","2008-03-18 00:00:00","Customer FRXZL","Crăciun, Ovidiu V.","Shipper ETYNR","Don Funk"
10915,"2008-02-27 00:00:00","2008-03-02 00:00:00","Customer VONTK","Geschwandtner, Jens","Shipper ETYNR","Don Funk"
10916,"2008-02-27 00:00:00","2008-03-09 00:00:00","Customer LWGMD","Gaffney, Lawrie","Shipper ETYNR","Sara Davis"
10917,"2008-03-02 00:00:00","2008-03-11 00:00:00","Customer SIUIH","Watters, Jason M.","Shipper ETYNR","Yael Peled"
10919,"2008-03-02 00:00:00","2008-03-04 00:00:00","Customer PSQUZ","Lupu, Cornel","Shipper ETYNR","Don Funk"
10920,"2008-03-03 00:00:00","2008-03-09 00:00:00","Customer HFBZG","Arndt, Torsten","Shipper ETYNR","Yael Peled"
10924,"2008-03-04 00:00:00","2008-04-08 00:00:00","Customer HGVLZ","Higginbotham, Tom","Shipper ETYNR","Judy Lew"
10931,"2008-03-06 00:00:00","2008-03-19 00:00:00","Customer CCKOT","Myrcha, Jacek","Shipper ETYNR","Yael Peled"
10936,"2008-03-09 00:00:00","2008-03-18 00:00:00","Customer YSIQX","Krishnan, Venky","Shipper ETYNR","Judy Lew"
10938,"2008-03-10 00:00:00","2008-03-16 00:00:00","Customer IRRVL","Veronesi, Giorgio","Shipper ETYNR","Judy Lew"
10939,"2008-03-10 00:00:00","2008-03-13 00:00:00","Customer CQRAA","Duerr, Bernard","Shipper ETYNR","Don Funk"
10941,"2008-03-11 00:00:00","2008-03-20 00:00:00","Customer LCOUJ","Navarro, Tomás","Shipper ETYNR","Russell King"
10943,"2008-03-11 00:00:00","2008-03-19 00:00:00","Customer UBHAU","Jaffe, David","Shipper ETYNR","Yael Peled"
10946,"2008-03-12 00:00:00","2008-03-19 00:00:00","Customer ZRNDE","Fonteneau, Karl","Shipper ETYNR","Sara Davis"
10947,"2008-03-13 00:00:00","2008-03-16 00:00:00","Customer UBHAU","Jaffe, David","Shipper ETYNR","Judy Lew"
10950,"2008-03-16 00:00:00","2008-03-23 00:00:00","Customer CQRAA","Duerr, Bernard","Shipper ETYNR","Sara Davis"
10951,"2008-03-16 00:00:00","2008-04-07 00:00:00","Customer CCKOT","Myrcha, Jacek","Shipper ETYNR","Zoya Dolgopyatova"
10953,"2008-03-16 00:00:00","2008-03-25 00:00:00","Customer HFBZG","Arndt, Torsten","Shipper ETYNR","Zoya Dolgopyatova"
10955,"2008-03-17 00:00:00","2008-03-20 00:00:00","Customer CYZTN","San Juan, Patricia","Shipper ETYNR","Maria Cameron"
10956,"2008-03-17 00:00:00","2008-03-20 00:00:00","Customer XHXJV","Poland, Carole","Shipper ETYNR","Paul Suurs"
10958,"2008-03-18 00:00:00","2008-03-27 00:00:00","Customer TDKEG","Tiano, Mike","Shipper ETYNR","Russell King"
10959,"2008-03-18 00:00:00","2008-03-23 00:00:00","Customer YJCBX","Cheng, Yao-Qiang","Shipper ETYNR","Paul Suurs"
10962,"2008-03-19 00:00:00","2008-03-23 00:00:00","Customer IRRVL","Veronesi, Giorgio","Shipper ETYNR","Maria Cameron"
10964,"2008-03-20 00:00:00","2008-03-24 00:00:00","Customer YSHXL","O’Brien, Dave","Shipper ETYNR","Judy Lew"
10967,"2008-03-23 00:00:00","2008-04-02 00:00:00","Customer FAPSM","Wickham, Jim","Shipper ETYNR","Don Funk"
10969,"2008-03-23 00:00:00","2008-03-30 00:00:00","Customer JUWXK","Richardson, Shawn","Shipper ETYNR","Sara Davis"
10971,"2008-03-24 00:00:00","2008-04-02 00:00:00","Customer USDBG","Koch, Paul","Shipper ETYNR","Don Funk"
10972,"2008-03-24 00:00:00","2008-03-26 00:00:00","Customer EFFTC","De Oliveira, Jose","Shipper ETYNR","Yael Peled"
10973,"2008-03-24 00:00:00","2008-03-27 00:00:00","Customer EFFTC","De Oliveira, Jose","Shipper ETYNR","Paul Suurs"
10978,"2008-03-26 00:00:00","2008-04-23 00:00:00","Customer JYPSC","Mace, Donald","Shipper ETYNR","Zoya Dolgopyatova"
10979,"2008-03-26 00:00:00","2008-03-31 00:00:00","Customer THHDP","Kane, John","Shipper ETYNR","Maria Cameron"
10981,"2008-03-27 00:00:00","2008-04-02 00:00:00","Customer IBVRG","Cohen, Shy","Shipper ETYNR","Sara Davis"
10983,"2008-03-27 00:00:00","2008-04-06 00:00:00","Customer LCOUJ","Navarro, Tomás","Shipper ETYNR","Don Funk"
10986,"2008-03-30 00:00:00","2008-04-21 00:00:00","Customer TDKEG","Tiano, Mike","Shipper ETYNR","Maria Cameron"
10988,"2008-03-31 00:00:00","2008-04-10 00:00:00","Customer NYUHS","Moore, Michael","Shipper ETYNR","Judy Lew"
10996,"2008-04-02 00:00:00","2008-04-10 00:00:00","Customer IRRVL","Veronesi, Giorgio","Shipper ETYNR","Yael Peled"
10997,"2008-04-03 00:00:00","2008-04-13 00:00:00","Customer XPNIK","Dressler, Marlies","Shipper ETYNR","Maria Cameron"
10998,"2008-04-03 00:00:00","2008-04-17 00:00:00","Customer CCFIZ","Conn, Steve","Shipper ETYNR","Maria Cameron"
10999,"2008-04-03 00:00:00","2008-04-10 00:00:00","Customer QNIVZ","Marinova, Nadejda","Shipper ETYNR","Paul Suurs"
11001,"2008-04-06 00:00:00","2008-04-14 00:00:00","Customer CYZTN","San Juan, Patricia","Shipper ETYNR","Don Funk"
11006,"2008-04-07 00:00:00","2008-04-15 00:00:00","Customer YSIQX","Krishnan, Venky","Shipper ETYNR","Judy Lew"
11007,"2008-04-08 00:00:00","2008-04-13 00:00:00","Customer QZURI","Uppal, Sunil","Shipper ETYNR","Maria Cameron"
11010,"2008-04-09 00:00:00","2008-04-21 00:00:00","Customer LHANT","Voss, Florian","Shipper ETYNR","Don Funk"
11015,"2008-04-10 00:00:00","2008-04-20 00:00:00","Customer TMXGN","Ginters, Kaspars","Shipper ETYNR","Don Funk"
11016,"2008-04-10 00:00:00","2008-04-13 00:00:00","Customer HFBZG","Arndt, Torsten","Shipper ETYNR","Zoya Dolgopyatova"
11017,"2008-04-13 00:00:00","2008-04-20 00:00:00","Customer THHDP","Kane, John","Shipper ETYNR","Zoya Dolgopyatova"
11018,"2008-04-13 00:00:00","2008-04-16 00:00:00","Customer DVFMB","Szymczak, Radosław","Shipper ETYNR","Yael Peled"
11020,"2008-04-14 00:00:00","2008-04-16 00:00:00","Customer QNIVZ","Marinova, Nadejda","Shipper ETYNR","Don Funk"
11022,"2008-04-14 00:00:00","2008-05-04 00:00:00","Customer IBVRG","Cohen, Shy","Shipper ETYNR","Zoya Dolgopyatova"
11023,"2008-04-14 00:00:00","2008-04-24 00:00:00","Customer UBHAU","Jaffe, David","Shipper ETYNR","Sara Davis"
11030,"2008-04-17 00:00:00","2008-04-27 00:00:00","Customer LCOUJ","Navarro, Tomás","Shipper ETYNR","Russell King"
11031,"2008-04-17 00:00:00","2008-04-24 00:00:00","Customer LCOUJ","Navarro, Tomás","Shipper ETYNR","Paul Suurs"
11035,"2008-04-20 00:00:00","2008-04-24 00:00:00","Customer SFOGW","Gulbis, Katrin","Shipper ETYNR","Don Funk"
11038,"2008-04-21 00:00:00","2008-04-30 00:00:00","Customer SFOGW","Gulbis, Katrin","Shipper ETYNR","Sara Davis"
11039,"2008-04-21 00:00:00",NULL,"Customer PSQUZ","Lupu, Cornel","Shipper ETYNR","Sara Davis"
11041,"2008-04-22 00:00:00","2008-04-28 00:00:00","Customer WNMAF","Jelitto, Jacek","Shipper ETYNR","Judy Lew"
11043,"2008-04-22 00:00:00","2008-04-29 00:00:00","Customer YSHXL","O’Brien, Dave","Shipper ETYNR","Sven Buck"
11045,"2008-04-23 00:00:00",NULL,"Customer EEALV","Bassols, Pilar Colome","Shipper ETYNR","Paul Suurs"
11046,"2008-04-23 00:00:00","2008-04-24 00:00:00","Customer SNXOJ","Syamala, Manoj","Shipper ETYNR","Maria Cameron"
11050,"2008-04-27 00:00:00","2008-05-05 00:00:00","Customer CYZTN","San Juan, Patricia","Shipper ETYNR","Maria Cameron"
11053,"2008-04-27 00:00:00","2008-04-29 00:00:00","Customer LOLJO","Meston, Tosh","Shipper ETYNR","Don Funk"
11055,"2008-04-28 00:00:00","2008-05-05 00:00:00","Customer UMTLM","Langohr, Kris","Shipper ETYNR","Russell King"
11056,"2008-04-28 00:00:00","2008-05-01 00:00:00","Customer RFNQC","Boseman, Randall","Shipper ETYNR","Maria Cameron"
11059,"2008-04-29 00:00:00",NULL,"Customer QVEPD","Garden, Euan","Shipper ETYNR","Don Funk"
11060,"2008-04-30 00:00:00","2008-05-04 00:00:00","Customer WMFEA","Schmöllerl, Martin","Shipper ETYNR","Don Funk"
11062,"2008-04-30 00:00:00",NULL,"Customer LHANT","Voss, Florian","Shipper ETYNR","Yael Peled"
11063,"2008-04-30 00:00:00","2008-05-06 00:00:00","Customer FRXZL","Crăciun, Ovidiu V.","Shipper ETYNR","Judy Lew"
11066,"2008-05-01 00:00:00","2008-05-04 00:00:00","Customer YBQTI","Smith Jr., Ronaldo","Shipper ETYNR","Russell King"
11067,"2008-05-04 00:00:00","2008-05-06 00:00:00","Customer FEVNN","Jones, TiAnna","Shipper ETYNR","Sara Davis"
11068,"2008-05-04 00:00:00",NULL,"Customer WFIZJ","Misiec, Anna","Shipper ETYNR","Maria Cameron"
11069,"2008-05-04 00:00:00","2008-05-06 00:00:00","Customer VONTK","Geschwandtner, Jens","Shipper ETYNR","Sara Davis"
11072,"2008-05-05 00:00:00",NULL,"Customer THHDP","Kane, John","Shipper ETYNR","Yael Peled"
11073,"2008-05-05 00:00:00",NULL,"Customer AHXHT","Fakhouri, Fadi","Shipper ETYNR","Don Funk"
11074,"2008-05-06 00:00:00",NULL,"Customer JMIKW","Gonzalez, Nuria","Shipper ETYNR","Russell King"
11075,"2008-05-06 00:00:00",NULL,"Customer CCKOT","Myrcha, Jacek","Shipper ETYNR","Maria Cameron"
11076,"2008-05-06 00:00:00",NULL,"Customer RTXGC","Raghav, Amritansh","Shipper ETYNR","Yael Peled"
11077,"2008-05-06 00:00:00",NULL,"Customer NYUHS","Moore, Michael","Shipper ETYNR","Sara Davis"
10248,"2006-07-04 00:00:00","2006-07-16 00:00:00","Customer ENQZT","McLin, Nkenge","Shipper ZHISN","Sven Buck"
10255,"2006-07-12 00:00:00","2006-07-15 00:00:00","Customer CCKOT","Myrcha, Jacek","Shipper ZHISN","Zoya Dolgopyatova"
10257,"2006-07-16 00:00:00","2006-07-22 00:00:00","Customer UMTLM","Langohr, Kris","Shipper ZHISN","Yael Peled"
10259,"2006-07-18 00:00:00","2006-07-25 00:00:00","Customer VMLOG","Benito, Almudena","Shipper ZHISN","Yael Peled"
10262,"2006-07-22 00:00:00","2006-07-25 00:00:00","Customer NYUHS","Moore, Michael","Shipper ZHISN","Maria Cameron"
10263,"2006-07-23 00:00:00","2006-07-31 00:00:00","Customer THHDP","Kane, John","Shipper ZHISN","Zoya Dolgopyatova"
10264,"2006-07-24 00:00:00","2006-08-23 00:00:00","Customer CYZTN","San Juan, Patricia","Shipper ZHISN","Paul Suurs"
10266,"2006-07-26 00:00:00","2006-07-31 00:00:00","Customer ZHYOS","Ludwig, Michael","Shipper ZHISN","Judy Lew"
10268,"2006-07-30 00:00:00","2006-08-02 00:00:00","Customer FVXPQ","Sigurdarson, Hallur ","Shipper ZHISN","Maria Cameron"
10273,"2006-08-05 00:00:00","2006-08-12 00:00:00","Customer IRRVL","Veronesi, Giorgio","Shipper ZHISN","Judy Lew"
10276,"2006-08-08 00:00:00","2006-08-14 00:00:00","Customer VONTK","Geschwandtner, Jens","Shipper ZHISN","Maria Cameron"
10277,"2006-08-09 00:00:00","2006-08-13 00:00:00","Customer PZNLA","Dupont-Roc, Patrice","Shipper ZHISN","Don Funk"
10283,"2006-08-16 00:00:00","2006-08-23 00:00:00","Customer XPNIK","Dressler, Marlies","Shipper ZHISN","Judy Lew"
10286,"2006-08-21 00:00:00","2006-08-30 00:00:00","Customer IRRVL","Veronesi, Giorgio","Shipper ZHISN","Maria Cameron"
10287,"2006-08-22 00:00:00","2006-08-28 00:00:00","Customer QVEPD","Garden, Euan","Shipper ZHISN","Maria Cameron"
10289,"2006-08-26 00:00:00","2006-08-28 00:00:00","Customer UBHAU","Jaffe, David","Shipper ZHISN","Russell King"
10293,"2006-08-29 00:00:00","2006-09-11 00:00:00","Customer VONTK","Geschwandtner, Jens","Shipper ZHISN","Sara Davis"
10305,"2006-09-13 00:00:00","2006-10-09 00:00:00","Customer KZQZT","Egelund-Muller, Anja","Shipper ZHISN","Maria Cameron"
10306,"2006-09-16 00:00:00","2006-09-23 00:00:00","Customer SIUIH","Watters, Jason M.","Shipper ZHISN","Sara Davis"
10308,"2006-09-18 00:00:00","2006-09-24 00:00:00","Customer MLTDN","Hassall, Mark","Shipper ZHISN","Russell King"
10311,"2006-09-20 00:00:00","2006-09-26 00:00:00","Customer BSVAR","Rizaldy, Arif","Shipper ZHISN","Sara Davis"
10316,"2006-09-27 00:00:00","2006-10-08 00:00:00","Customer NYUHS","Moore, Michael","Shipper ZHISN","Sara Davis"
10319,"2006-10-02 00:00:00","2006-10-11 00:00:00","Customer VONTK","Geschwandtner, Jens","Shipper ZHISN","Russell King"
10320,"2006-10-03 00:00:00","2006-10-18 00:00:00","Customer ZHYOS","Ludwig, Michael","Shipper ZHISN","Sven Buck"
10322,"2006-10-04 00:00:00","2006-10-23 00:00:00","Customer AHXHT","Fakhouri, Fadi","Shipper ZHISN","Russell King"
10325,"2006-10-09 00:00:00","2006-10-14 00:00:00","Customer GLLAG","Song, Lolan","Shipper ZHISN","Sara Davis"
10328,"2006-10-14 00:00:00","2006-10-17 00:00:00","Customer XYUFB","Cavaglieri, Giorgio","Shipper ZHISN","Yael Peled"
10333,"2006-10-18 00:00:00","2006-10-25 00:00:00","Customer ZHYOS","Ludwig, Michael","Shipper ZHISN","Sven Buck"
10337,"2006-10-24 00:00:00","2006-10-29 00:00:00","Customer AZJED","Carlson, Jason","Shipper ZHISN","Yael Peled"
10338,"2006-10-25 00:00:00","2006-10-29 00:00:00","Customer KZQZT","Egelund-Muller, Anja","Shipper ZHISN","Yael Peled"
10340,"2006-10-29 00:00:00","2006-11-08 00:00:00","Customer RTXGC","Raghav, Amritansh","Shipper ZHISN","Sara Davis"
10341,"2006-10-29 00:00:00","2006-11-05 00:00:00","Customer JMIKW","Gonzalez, Nuria","Shipper ZHISN","Russell King"
10346,"2006-11-05 00:00:00","2006-11-08 00:00:00","Customer NYUHS","Moore, Michael","Shipper ZHISN","Judy Lew"
10347,"2006-11-06 00:00:00","2006-11-08 00:00:00","Customer KIdPX","Russo, Giuseppe","Shipper ZHISN","Yael Peled"
10352,"2006-11-12 00:00:00","2006-11-18 00:00:00","Customer XYUFB","Cavaglieri, Giorgio","Shipper ZHISN","Judy Lew"
10353,"2006-11-13 00:00:00","2006-11-25 00:00:00","Customer LOLJO","Meston, Tosh","Shipper ZHISN","Russell King"
10354,"2006-11-14 00:00:00","2006-11-20 00:00:00","Customer AHXHT","Fakhouri, Fadi","Shipper ZHISN","Maria Cameron"
10357,"2006-11-19 00:00:00","2006-12-02 00:00:00","Customer XPNIK","Dressler, Marlies","Shipper ZHISN","Sara Davis"
10359,"2006-11-21 00:00:00","2006-11-26 00:00:00","Customer AHPOP","Welcker, Brian","Shipper ZHISN","Sven Buck"
10360,"2006-11-22 00:00:00","2006-12-02 00:00:00","Customer QXVLA","Bansal, Dushyant","Shipper ZHISN","Yael Peled"
10363,"2006-11-26 00:00:00","2006-12-04 00:00:00","Customer FEVNN","Jones, TiAnna","Shipper ZHISN","Yael Peled"
10367,"2006-11-28 00:00:00","2006-12-02 00:00:00","Customer ZRNDE","Fonteneau, Karl","Shipper ZHISN","Russell King"
10373,"2006-12-05 00:00:00","2006-12-11 00:00:00","Customer FRXZL","Crăciun, Ovidiu V.","Shipper ZHISN","Yael Peled"
10374,"2006-12-05 00:00:00","2006-12-09 00:00:00","Customer CCFIZ","Conn, Steve","Shipper ZHISN","Sara Davis"
10377,"2006-12-09 00:00:00","2006-12-13 00:00:00","Customer AHPOP","Welcker, Brian","Shipper ZHISN","Sara Davis"
10378,"2006-12-10 00:00:00","2006-12-19 00:00:00","Customer CYZTN","San Juan, Patricia","Shipper ZHISN","Sven Buck"
10380,"2006-12-12 00:00:00","2007-01-16 00:00:00","Customer FRXZL","Crăciun, Ovidiu V.","Shipper ZHISN","Maria Cameron"
10381,"2006-12-12 00:00:00","2006-12-13 00:00:00","Customer XPNIK","Dressler, Marlies","Shipper ZHISN","Judy Lew"
10383,"2006-12-16 00:00:00","2006-12-18 00:00:00","Customer HFBZG","Arndt, Torsten","Shipper ZHISN","Maria Cameron"
10384,"2006-12-16 00:00:00","2006-12-20 00:00:00","Customer HGVLZ","Higginbotham, Tom","Shipper ZHISN","Judy Lew"
10386,"2006-12-18 00:00:00","2006-12-25 00:00:00","Customer KIdPX","Russo, Giuseppe","Shipper ZHISN","Zoya Dolgopyatova"
10391,"2006-12-23 00:00:00","2006-12-31 00:00:00","Customer FEVNN","Jones, TiAnna","Shipper ZHISN","Judy Lew"
10392,"2006-12-24 00:00:00","2007-01-01 00:00:00","Customer LOLJO","Meston, Tosh","Shipper ZHISN","Don Funk"
10393,"2006-12-25 00:00:00","2007-01-03 00:00:00","Customer LCOUJ","Navarro, Tomás","Shipper ZHISN","Sara Davis"
10394,"2006-12-25 00:00:00","2007-01-03 00:00:00","Customer LVJSO","Smith, Denise","Shipper ZHISN","Sara Davis"
10396,"2006-12-27 00:00:00","2007-01-06 00:00:00","Customer AZJED","Carlson, Jason","Shipper ZHISN","Sara Davis"
10398,"2006-12-30 00:00:00","2007-01-09 00:00:00","Customer LCOUJ","Navarro, Tomás","Shipper ZHISN","Don Funk"
10399,"2006-12-31 00:00:00","2007-01-08 00:00:00","Customer ZRNDE","Fonteneau, Karl","Shipper ZHISN","Maria Cameron"
10400,"2007-01-01 00:00:00","2007-01-16 00:00:00","Customer RFNQC","Boseman, Randall","Shipper ZHISN","Sara Davis"
10403,"2007-01-03 00:00:00","2007-01-09 00:00:00","Customer THHDP","Kane, John","Shipper ZHISN","Yael Peled"
10410,"2007-01-10 00:00:00","2007-01-15 00:00:00","Customer EEALV","Bassols, Pilar Colome","Shipper ZHISN","Judy Lew"
10411,"2007-01-10 00:00:00","2007-01-21 00:00:00","Customer EEALV","Bassols, Pilar Colome","Shipper ZHISN","Zoya Dolgopyatova"
10414,"2007-01-14 00:00:00","2007-01-17 00:00:00","Customer KIdPX","Russo, Giuseppe","Shipper ZHISN","Don Funk"
10416,"2007-01-16 00:00:00","2007-01-27 00:00:00","Customer ZHYOS","Ludwig, Michael","Shipper ZHISN","Maria Cameron"
10417,"2007-01-16 00:00:00","2007-01-28 00:00:00","Customer JMIKW","Gonzalez, Nuria","Shipper ZHISN","Yael Peled"
10423,"2007-01-23 00:00:00","2007-02-24 00:00:00","Customer YJCBX","Cheng, Yao-Qiang","Shipper ZHISN","Paul Suurs"
10433,"2007-02-03 00:00:00","2007-03-04 00:00:00","Customer QZURI","Uppal, Sunil","Shipper ZHISN","Judy Lew"
10439,"2007-02-07 00:00:00","2007-02-10 00:00:00","Customer PVDZC","Taylor, Maurice","Shipper ZHISN","Paul Suurs"
10444,"2007-02-12 00:00:00","2007-02-21 00:00:00","Customer HGVLZ","Higginbotham, Tom","Shipper ZHISN","Judy Lew"
10451,"2007-02-19 00:00:00","2007-03-12 00:00:00","Customer IRRVL","Veronesi, Giorgio","Shipper ZHISN","Yael Peled"
10454,"2007-02-21 00:00:00","2007-02-25 00:00:00","Customer XIIWM","Litton, Tim","Shipper ZHISN","Yael Peled"
10458,"2007-02-26 00:00:00","2007-03-04 00:00:00","Customer SFOGW","Gulbis, Katrin","Shipper ZHISN","Russell King"
10461,"2007-02-28 00:00:00","2007-03-05 00:00:00","Customer XPNIK","Dressler, Marlies","Shipper ZHISN","Sara Davis"
10463,"2007-03-04 00:00:00","2007-03-06 00:00:00","Customer SFOGW","Gulbis, Katrin","Shipper ZHISN","Sven Buck"
10465,"2007-03-05 00:00:00","2007-03-14 00:00:00","Customer ZRNDE","Fonteneau, Karl","Shipper ZHISN","Sara Davis"
10468,"2007-03-07 00:00:00","2007-03-12 00:00:00","Customer GLLAG","Song, Lolan","Shipper ZHISN","Judy Lew"
10471,"2007-03-11 00:00:00","2007-03-18 00:00:00","Customer UBHAU","Jaffe, David","Shipper ZHISN","Don Funk"
10473,"2007-03-13 00:00:00","2007-03-21 00:00:00","Customer LJUCA","Lee, Frank","Shipper ZHISN","Sara Davis"
10476,"2007-03-17 00:00:00","2007-03-24 00:00:00","Customer UMTLM","Langohr, Kris","Shipper ZHISN","Maria Cameron"
10478,"2007-03-18 00:00:00","2007-03-26 00:00:00","Customer NRCSK","Tuntisangaroon, Sittichai","Shipper ZHISN","Don Funk"
10479,"2007-03-19 00:00:00","2007-03-21 00:00:00","Customer NYUHS","Moore, Michael","Shipper ZHISN","Judy Lew"
10482,"2007-03-21 00:00:00","2007-04-10 00:00:00","Customer UISOJ","Deshpande, Anu","Shipper ZHISN","Sara Davis"
10484,"2007-03-24 00:00:00","2007-04-01 00:00:00","Customer UBHAU","Jaffe, David","Shipper ZHISN","Judy Lew"
10491,"2007-03-31 00:00:00","2007-04-08 00:00:00","Customer XYUFB","Cavaglieri, Giorgio","Shipper ZHISN","Maria Cameron"
10493,"2007-04-02 00:00:00","2007-04-10 00:00:00","Customer XIIWM","Litton, Tim","Shipper ZHISN","Yael Peled"
10495,"2007-04-03 00:00:00","2007-04-11 00:00:00","Customer IAIJK","Steiner, Dominik","Shipper ZHISN","Judy Lew"
10501,"2007-04-09 00:00:00","2007-04-16 00:00:00","Customer XHXJV","Poland, Carole","Shipper ZHISN","Zoya Dolgopyatova"
10504,"2007-04-11 00:00:00","2007-04-18 00:00:00","Customer YBQTI","Smith Jr., Ronaldo","Shipper ZHISN","Yael Peled"
10505,"2007-04-14 00:00:00","2007-04-21 00:00:00","Customer PVDZC","Taylor, Maurice","Shipper ZHISN","Judy Lew"
10510,"2007-04-18 00:00:00","2007-04-28 00:00:00","Customer LCOUJ","Navarro, Tomás","Shipper ZHISN","Paul Suurs"
10511,"2007-04-18 00:00:00","2007-04-21 00:00:00","Customer RTXGC","Raghav, Amritansh","Shipper ZHISN","Yael Peled"
10516,"2007-04-24 00:00:00","2007-05-01 00:00:00","Customer FRXZL","Crăciun, Ovidiu V.","Shipper ZHISN","Don Funk"
10517,"2007-04-24 00:00:00","2007-04-29 00:00:00","Customer GCJSG","Mallit, Ken","Shipper ZHISN","Judy Lew"
10519,"2007-04-28 00:00:00","2007-05-01 00:00:00","Customer WNMAF","Jelitto, Jacek","Shipper ZHISN","Paul Suurs"
10532,"2007-05-09 00:00:00","2007-05-12 00:00:00","Customer RFNQC","Boseman, Randall","Shipper ZHISN","Russell King"
10538,"2007-05-15 00:00:00","2007-05-16 00:00:00","Customer UBHAU","Jaffe, David","Shipper ZHISN","Zoya Dolgopyatova"
10539,"2007-05-16 00:00:00","2007-05-23 00:00:00","Customer UBHAU","Jaffe, David","Shipper ZHISN","Paul Suurs"
10540,"2007-05-19 00:00:00","2007-06-13 00:00:00","Customer IRRVL","Veronesi, Giorgio","Shipper ZHISN","Judy Lew"
10542,"2007-05-20 00:00:00","2007-05-26 00:00:00","Customer GLLAG","Song, Lolan","Shipper ZHISN","Sara Davis"
10546,"2007-05-23 00:00:00","2007-05-27 00:00:00","Customer NRCSK","Tuntisangaroon, Sittichai","Shipper ZHISN","Sara Davis"
10550,"2007-05-28 00:00:00","2007-06-06 00:00:00","Customer KSLQF","Shabalin, Rostislav","Shipper ZHISN","Russell King"
10551,"2007-05-28 00:00:00","2007-06-06 00:00:00","Customer XYUFB","Cavaglieri, Giorgio","Shipper ZHISN","Yael Peled"
10554,"2007-05-30 00:00:00","2007-06-05 00:00:00","Customer QNIVZ","Marinova, Nadejda","Shipper ZHISN","Yael Peled"
10555,"2007-06-02 00:00:00","2007-06-04 00:00:00","Customer LCOUJ","Navarro, Tomás","Shipper ZHISN","Paul Suurs"
10564,"2007-06-10 00:00:00","2007-06-16 00:00:00","Customer NYUHS","Moore, Michael","Shipper ZHISN","Yael Peled"
10568,"2007-06-13 00:00:00","2007-07-09 00:00:00","Customer MDLWA","Kolesnikova, Katerina","Shipper ZHISN","Judy Lew"
10570,"2007-06-17 00:00:00","2007-06-19 00:00:00","Customer PVDZC","Taylor, Maurice","Shipper ZHISN","Judy Lew"
10571,"2007-06-17 00:00:00","2007-07-04 00:00:00","Customer THHDP","Kane, John","Shipper ZHISN","Maria Cameron"
10573,"2007-06-19 00:00:00","2007-06-20 00:00:00","Customer KBUDE","Peoples, John","Shipper ZHISN","Russell King"
10576,"2007-06-23 00:00:00","2007-06-30 00:00:00","Customer VONTK","Geschwandtner, Jens","Shipper ZHISN","Judy Lew"
10578,"2007-06-24 00:00:00","2007-07-25 00:00:00","Customer UBHAU","Jaffe, David","Shipper ZHISN","Yael Peled"
10580,"2007-06-26 00:00:00","2007-07-01 00:00:00","Customer QNIVZ","Marinova, Nadejda","Shipper ZHISN","Yael Peled"
10588,"2007-07-03 00:00:00","2007-07-10 00:00:00","Customer IRRVL","Veronesi, Giorgio","Shipper ZHISN","Don Funk"
10590,"2007-07-07 00:00:00","2007-07-14 00:00:00","Customer PVDZC","Taylor, Maurice","Shipper ZHISN","Yael Peled"
10597,"2007-07-11 00:00:00","2007-07-18 00:00:00","Customer LOLJO","Meston, Tosh","Shipper ZHISN","Russell King"
10598,"2007-07-14 00:00:00","2007-07-18 00:00:00","Customer NYUHS","Moore, Michael","Shipper ZHISN","Sara Davis"
10599,"2007-07-15 00:00:00","2007-07-21 00:00:00","Customer UBHAU","Jaffe, David","Shipper ZHISN","Paul Suurs"
10606,"2007-07-22 00:00:00","2007-07-31 00:00:00","Customer YQQWW","Nagel, Jean-Philippe","Shipper ZHISN","Yael Peled"
10614,"2007-07-29 00:00:00","2007-08-01 00:00:00","Customer XHXJV","Poland, Carole","Shipper ZHISN","Maria Cameron"
10615,"2007-07-30 00:00:00","2007-08-06 00:00:00","Customer XBBVR","Larsson, Katarina","Shipper ZHISN","Don Funk"
10619,"2007-08-04 00:00:00","2007-08-07 00:00:00","Customer PVDZC","Taylor, Maurice","Shipper ZHISN","Judy Lew"
10620,"2007-08-05 00:00:00","2007-08-14 00:00:00","Customer IAIJK","Steiner, Dominik","Shipper ZHISN","Don Funk"
10622,"2007-08-06 00:00:00","2007-08-11 00:00:00","Customer QVEPD","Garden, Euan","Shipper ZHISN","Yael Peled"
10627,"2007-08-11 00:00:00","2007-08-21 00:00:00","Customer LCOUJ","Navarro, Tomás","Shipper ZHISN","Maria Cameron"
10628,"2007-08-12 00:00:00","2007-08-20 00:00:00","Customer QXVLA","Bansal, Dushyant","Shipper ZHISN","Yael Peled"
10629,"2007-08-12 00:00:00","2007-08-20 00:00:00","Customer KSLQF","Shabalin, Rostislav","Shipper ZHISN","Yael Peled"
10633,"2007-08-15 00:00:00","2007-08-18 00:00:00","Customer THHDP","Kane, John","Shipper ZHISN","Russell King"
10634,"2007-08-15 00:00:00","2007-08-21 00:00:00","Customer WVFAF","Khanna, Karan","Shipper ZHISN","Yael Peled"
10635,"2007-08-18 00:00:00","2007-08-21 00:00:00","Customer CQRAA","Duerr, Bernard","Shipper ZHISN","Maria Cameron"
10639,"2007-08-20 00:00:00","2007-08-27 00:00:00","Customer TMXGN","Ginters, Kaspars","Shipper ZHISN","Russell King"
10642,"2007-08-22 00:00:00","2007-09-05 00:00:00","Customer JMIKW","Gonzalez, Nuria","Shipper ZHISN","Russell King"
10646,"2007-08-27 00:00:00","2007-09-03 00:00:00","Customer FRXZL","Crăciun, Ovidiu V.","Shipper ZHISN","Zoya Dolgopyatova"
10649,"2007-08-28 00:00:00","2007-08-29 00:00:00","Customer JYPSC","Mace, Donald","Shipper ZHISN","Sven Buck"
10650,"2007-08-29 00:00:00","2007-09-03 00:00:00","Customer KIdPX","Russo, Giuseppe","Shipper ZHISN","Sven Buck"
10661,"2007-09-09 00:00:00","2007-09-15 00:00:00","Customer FRXZL","Crăciun, Ovidiu V.","Shipper ZHISN","Russell King"
10664,"2007-09-10 00:00:00","2007-09-19 00:00:00","Customer XYUFB","Cavaglieri, Giorgio","Shipper ZHISN","Sara Davis"
10677,"2007-09-22 00:00:00","2007-09-26 00:00:00","Customer KBUDE","Peoples, John","Shipper ZHISN","Sara Davis"
10678,"2007-09-23 00:00:00","2007-10-16 00:00:00","Customer LCOUJ","Navarro, Tomás","Shipper ZHISN","Russell King"
10679,"2007-09-23 00:00:00","2007-09-30 00:00:00","Customer QXVLA","Bansal, Dushyant","Shipper ZHISN","Maria Cameron"
10681,"2007-09-25 00:00:00","2007-09-30 00:00:00","Customer YSIQX","Krishnan, Venky","Shipper ZHISN","Judy Lew"
10693,"2007-10-06 00:00:00","2007-10-10 00:00:00","Customer YBQTI","Smith Jr., Ronaldo","Shipper ZHISN","Judy Lew"
10694,"2007-10-06 00:00:00","2007-10-09 00:00:00","Customer IRRVL","Veronesi, Giorgio","Shipper ZHISN","Maria Cameron"
10696,"2007-10-08 00:00:00","2007-10-14 00:00:00","Customer YBQTI","Smith Jr., Ronaldo","Shipper ZHISN","Maria Cameron"
10699,"2007-10-09 00:00:00","2007-10-13 00:00:00","Customer PZNLA","Dupont-Roc, Patrice","Shipper ZHISN","Judy Lew"
10701,"2007-10-13 00:00:00","2007-10-15 00:00:00","Customer FRXZL","Crăciun, Ovidiu V.","Shipper ZHISN","Paul Suurs"
10706,"2007-10-16 00:00:00","2007-10-21 00:00:00","Customer KZQZT","Egelund-Muller, Anja","Shipper ZHISN","Maria Cameron"
10707,"2007-10-16 00:00:00","2007-10-23 00:00:00","Customer HFBZG","Arndt, Torsten","Shipper ZHISN","Yael Peled"
10709,"2007-10-17 00:00:00","2007-11-20 00:00:00","Customer YJCBX","Cheng, Yao-Qiang","Shipper ZHISN","Sara Davis"
10714,"2007-10-22 00:00:00","2007-10-27 00:00:00","Customer LCOUJ","Navarro, Tomás","Shipper ZHISN","Sven Buck"
10718,"2007-10-27 00:00:00","2007-10-29 00:00:00","Customer GLLAG","Song, Lolan","Shipper ZHISN","Sara Davis"
10721,"2007-10-29 00:00:00","2007-10-31 00:00:00","Customer IRRVL","Veronesi, Giorgio","Shipper ZHISN","Sven Buck"
10725,"2007-10-31 00:00:00","2007-11-05 00:00:00","Customer KIdPX","Russo, Giuseppe","Shipper ZHISN","Yael Peled"
10729,"2007-11-04 00:00:00","2007-11-14 00:00:00","Customer PSQUZ","Lupu, Cornel","Shipper ZHISN","Maria Cameron"
10733,"2007-11-07 00:00:00","2007-11-10 00:00:00","Customer HGVLZ","Higginbotham, Tom","Shipper ZHISN","Sara Davis"
10734,"2007-11-07 00:00:00","2007-11-12 00:00:00","Customer YJCBX","Cheng, Yao-Qiang","Shipper ZHISN","Don Funk"
10739,"2007-11-12 00:00:00","2007-11-17 00:00:00","Customer ENQZT","McLin, Nkenge","Shipper ZHISN","Judy Lew"
10741,"2007-11-14 00:00:00","2007-11-18 00:00:00","Customer HFBZG","Arndt, Torsten","Shipper ZHISN","Yael Peled"
10742,"2007-11-14 00:00:00","2007-11-18 00:00:00","Customer EEALV","Bassols, Pilar Colome","Shipper ZHISN","Judy Lew"
10746,"2007-11-19 00:00:00","2007-11-21 00:00:00","Customer WNMAF","Jelitto, Jacek","Shipper ZHISN","Sara Davis"
10751,"2007-11-24 00:00:00","2007-12-03 00:00:00","Customer CCKOT","Myrcha, Jacek","Shipper ZHISN","Judy Lew"
10752,"2007-11-24 00:00:00","2007-11-28 00:00:00","Customer GCJSG","Mallit, Ken","Shipper ZHISN","Don Funk"
10754,"2007-11-25 00:00:00","2007-11-27 00:00:00","Customer CQRAA","Duerr, Bernard","Shipper ZHISN","Paul Suurs"
10758,"2007-11-28 00:00:00","2007-12-04 00:00:00","Customer CCKOT","Myrcha, Jacek","Shipper ZHISN","Judy Lew"
10759,"2007-11-28 00:00:00","2007-12-12 00:00:00","Customer MLTDN","Hassall, Mark","Shipper ZHISN","Judy Lew"
10763,"2007-12-03 00:00:00","2007-12-08 00:00:00","Customer WVFAF","Khanna, Karan","Shipper ZHISN","Judy Lew"
10764,"2007-12-03 00:00:00","2007-12-08 00:00:00","Customer THHDP","Kane, John","Shipper ZHISN","Paul Suurs"
10765,"2007-12-04 00:00:00","2007-12-09 00:00:00","Customer IRRVL","Veronesi, Giorgio","Shipper ZHISN","Judy Lew"
10767,"2007-12-05 00:00:00","2007-12-15 00:00:00","Customer SFOGW","Gulbis, Katrin","Shipper ZHISN","Yael Peled"
10770,"2007-12-09 00:00:00","2007-12-17 00:00:00","Customer IBVRG","Cohen, Shy","Shipper ZHISN","Maria Cameron"
10773,"2007-12-11 00:00:00","2007-12-16 00:00:00","Customer THHDP","Kane, John","Shipper ZHISN","Sara Davis"
10776,"2007-12-15 00:00:00","2007-12-18 00:00:00","Customer THHDP","Kane, John","Shipper ZHISN","Sara Davis"
10781,"2007-12-17 00:00:00","2007-12-19 00:00:00","Customer ZHYOS","Ludwig, Michael","Shipper ZHISN","Don Funk"
10782,"2007-12-17 00:00:00","2007-12-22 00:00:00","Customer PSNMQ","Ray, Mike","Shipper ZHISN","Zoya Dolgopyatova"
10784,"2007-12-18 00:00:00","2007-12-22 00:00:00","Customer CQRAA","Duerr, Bernard","Shipper ZHISN","Yael Peled"
10785,"2007-12-18 00:00:00","2007-12-24 00:00:00","Customer FVXPQ","Sigurdarson, Hallur ","Shipper ZHISN","Sara Davis"
10792,"2007-12-23 00:00:00","2007-12-31 00:00:00","Customer CCFIZ","Conn, Steve","Shipper ZHISN","Sara Davis"
10793,"2007-12-24 00:00:00","2008-01-08 00:00:00","Customer HFBZG","Arndt, Torsten","Shipper ZHISN","Judy Lew"
10799,"2007-12-26 00:00:00","2008-01-05 00:00:00","Customer GLLAG","Song, Lolan","Shipper ZHISN","Zoya Dolgopyatova"
10800,"2007-12-26 00:00:00","2008-01-05 00:00:00","Customer AHPOP","Welcker, Brian","Shipper ZHISN","Sara Davis"
10805,"2007-12-30 00:00:00","2008-01-09 00:00:00","Customer LCYBZ","Osorio, Cristian","Shipper ZHISN","Don Funk"
10808,"2008-01-01 00:00:00","2008-01-09 00:00:00","Customer KZQZT","Egelund-Muller, Anja","Shipper ZHISN","Don Funk"
10810,"2008-01-01 00:00:00","2008-01-07 00:00:00","Customer IAIJK","Steiner, Dominik","Shipper ZHISN","Don Funk"
10814,"2008-01-05 00:00:00","2008-01-14 00:00:00","Customer NRCSK","Tuntisangaroon, Sittichai","Shipper ZHISN","Judy Lew"
10815,"2008-01-05 00:00:00","2008-01-14 00:00:00","Customer LCOUJ","Navarro, Tomás","Shipper ZHISN","Don Funk"
10818,"2008-01-07 00:00:00","2008-01-12 00:00:00","Customer CQRAA","Duerr, Bernard","Shipper ZHISN","Russell King"
10819,"2008-01-07 00:00:00","2008-01-16 00:00:00","Customer PSNMQ","Ray, Mike","Shipper ZHISN","Don Funk"
10822,"2008-01-08 00:00:00","2008-01-16 00:00:00","Customer EYHKM","Veninga, Tjeerd","Shipper ZHISN","Paul Suurs"
10834,"2008-01-15 00:00:00","2008-01-19 00:00:00","Customer YQQWW","Nagel, Jean-Philippe","Shipper ZHISN","Sara Davis"
10835,"2008-01-15 00:00:00","2008-01-21 00:00:00","Customer NRZBB","Allen, Michael","Shipper ZHISN","Sara Davis"
10837,"2008-01-16 00:00:00","2008-01-23 00:00:00","Customer HGVLZ","Higginbotham, Tom","Shipper ZHISN","Zoya Dolgopyatova"
10838,"2008-01-19 00:00:00","2008-01-23 00:00:00","Customer PSQUZ","Lupu, Cornel","Shipper ZHISN","Judy Lew"
10839,"2008-01-19 00:00:00","2008-01-22 00:00:00","Customer YQQWW","Nagel, Jean-Philippe","Shipper ZHISN","Judy Lew"
10842,"2008-01-20 00:00:00","2008-01-29 00:00:00","Customer VONTK","Geschwandtner, Jens","Shipper ZHISN","Sara Davis"
10846,"2008-01-22 00:00:00","2008-01-23 00:00:00","Customer SFOGW","Gulbis, Katrin","Shipper ZHISN","Don Funk"
10847,"2008-01-22 00:00:00","2008-02-10 00:00:00","Customer LCOUJ","Navarro, Tomás","Shipper ZHISN","Yael Peled"
10860,"2008-01-29 00:00:00","2008-02-04 00:00:00","Customer USDBG","Koch, Paul","Shipper ZHISN","Judy Lew"
10870,"2008-02-04 00:00:00","2008-02-13 00:00:00","Customer CCFIZ","Conn, Steve","Shipper ZHISN","Sven Buck"
10876,"2008-02-09 00:00:00","2008-02-12 00:00:00","Customer RTXGC","Raghav, Amritansh","Shipper ZHISN","Russell King"
10879,"2008-02-10 00:00:00","2008-02-12 00:00:00","Customer XBBVR","Larsson, Katarina","Shipper ZHISN","Judy Lew"
10882,"2008-02-11 00:00:00","2008-02-20 00:00:00","Customer LCOUJ","Navarro, Tomás","Shipper ZHISN","Yael Peled"
10883,"2008-02-12 00:00:00","2008-02-20 00:00:00","Customer DVFMB","Szymczak, Radosław","Shipper ZHISN","Maria Cameron"
10885,"2008-02-12 00:00:00","2008-02-18 00:00:00","Customer SFOGW","Gulbis, Katrin","Shipper ZHISN","Paul Suurs"
10887,"2008-02-13 00:00:00","2008-02-16 00:00:00","Customer MDLWA","Kolesnikova, Katerina","Shipper ZHISN","Maria Cameron"
10889,"2008-02-16 00:00:00","2008-02-23 00:00:00","Customer NYUHS","Moore, Michael","Shipper ZHISN","Zoya Dolgopyatova"
10896,"2008-02-19 00:00:00","2008-02-27 00:00:00","Customer JYPSC","Mace, Donald","Shipper ZHISN","Russell King"
10899,"2008-02-20 00:00:00","2008-02-26 00:00:00","Customer XPNIK","Dressler, Marlies","Shipper ZHISN","Sven Buck"
10903,"2008-02-24 00:00:00","2008-03-04 00:00:00","Customer IBVRG","Cohen, Shy","Shipper ZHISN","Judy Lew"
10904,"2008-02-24 00:00:00","2008-02-27 00:00:00","Customer YBQTI","Smith Jr., Ronaldo","Shipper ZHISN","Judy Lew"
10906,"2008-02-25 00:00:00","2008-03-03 00:00:00","Customer CCFIZ","Conn, Steve","Shipper ZHISN","Yael Peled"
10907,"2008-02-25 00:00:00","2008-02-27 00:00:00","Customer YSHXL","O’Brien, Dave","Shipper ZHISN","Paul Suurs"
10910,"2008-02-26 00:00:00","2008-03-04 00:00:00","Customer XBBVR","Larsson, Katarina","Shipper ZHISN","Sara Davis"
10918,"2008-03-02 00:00:00","2008-03-11 00:00:00","Customer EEALV","Bassols, Pilar Colome","Shipper ZHISN","Judy Lew"
10922,"2008-03-03 00:00:00","2008-03-05 00:00:00","Customer IBVRG","Cohen, Shy","Shipper ZHISN","Sven Buck"
10923,"2008-03-03 00:00:00","2008-03-13 00:00:00","Customer XIIWM","Litton, Tim","Shipper ZHISN","Russell King"
10926,"2008-03-04 00:00:00","2008-03-11 00:00:00","Customer MLTDN","Hassall, Mark","Shipper ZHISN","Yael Peled"
10930,"2008-03-06 00:00:00","2008-03-18 00:00:00","Customer SFOGW","Gulbis, Katrin","Shipper ZHISN","Yael Peled"
10933,"2008-03-06 00:00:00","2008-03-16 00:00:00","Customer LJUCA","Lee, Frank","Shipper ZHISN","Paul Suurs"
10934,"2008-03-09 00:00:00","2008-03-12 00:00:00","Customer OXFRU","Louverdis, George","Shipper ZHISN","Judy Lew"
10935,"2008-03-09 00:00:00","2008-03-18 00:00:00","Customer SRQVM","Li, Yan","Shipper ZHISN","Yael Peled"
10937,"2008-03-10 00:00:00","2008-03-13 00:00:00","Customer PSNMQ","Ray, Mike","Shipper ZHISN","Russell King"
10940,"2008-03-11 00:00:00","2008-03-23 00:00:00","Customer RTXGC","Raghav, Amritansh","Shipper ZHISN","Maria Cameron"
10942,"2008-03-11 00:00:00","2008-03-18 00:00:00","Customer LHANT","Voss, Florian","Shipper ZHISN","Zoya Dolgopyatova"
10944,"2008-03-12 00:00:00","2008-03-13 00:00:00","Customer EEALV","Bassols, Pilar Colome","Shipper ZHISN","Paul Suurs"
10948,"2008-03-13 00:00:00","2008-03-19 00:00:00","Customer KSLQF","Shabalin, Rostislav","Shipper ZHISN","Judy Lew"
10949,"2008-03-13 00:00:00","2008-03-17 00:00:00","Customer EEALV","Bassols, Pilar Colome","Shipper ZHISN","Don Funk"
10957,"2008-03-18 00:00:00","2008-03-27 00:00:00","Customer UMTLM","Langohr, Kris","Shipper ZHISN","Maria Cameron"
10963,"2008-03-19 00:00:00","2008-03-26 00:00:00","Customer XYUFB","Cavaglieri, Giorgio","Shipper ZHISN","Zoya Dolgopyatova"
10965,"2008-03-20 00:00:00","2008-03-30 00:00:00","Customer KZQZT","Egelund-Muller, Anja","Shipper ZHISN","Paul Suurs"
10968,"2008-03-23 00:00:00","2008-04-01 00:00:00","Customer THHDP","Kane, John","Shipper ZHISN","Sara Davis"
10974,"2008-03-25 00:00:00","2008-04-03 00:00:00","Customer XOJYP","Wojciechowska, Agnieszka","Shipper ZHISN","Judy Lew"
10975,"2008-03-25 00:00:00","2008-03-27 00:00:00","Customer EEALV","Bassols, Pilar Colome","Shipper ZHISN","Sara Davis"
10977,"2008-03-26 00:00:00","2008-04-10 00:00:00","Customer CYZTN","San Juan, Patricia","Shipper ZHISN","Maria Cameron"
10984,"2008-03-30 00:00:00","2008-04-03 00:00:00","Customer LCOUJ","Navarro, Tomás","Shipper ZHISN","Sara Davis"
10990,"2008-04-01 00:00:00","2008-04-07 00:00:00","Customer THHDP","Kane, John","Shipper ZHISN","Don Funk"
10992,"2008-04-01 00:00:00","2008-04-03 00:00:00","Customer LCYBZ","Osorio, Cristian","Shipper ZHISN","Sara Davis"
10993,"2008-04-01 00:00:00","2008-04-10 00:00:00","Customer CYZTN","San Juan, Patricia","Shipper ZHISN","Russell King"
10994,"2008-04-02 00:00:00","2008-04-09 00:00:00","Customer ZRNDE","Fonteneau, Karl","Shipper ZHISN","Don Funk"
10995,"2008-04-02 00:00:00","2008-04-06 00:00:00","Customer AHXHT","Fakhouri, Fadi","Shipper ZHISN","Sara Davis"
11000,"2008-04-06 00:00:00","2008-04-14 00:00:00","Customer NYUHS","Moore, Michael","Shipper ZHISN","Don Funk"
11003,"2008-04-06 00:00:00","2008-04-08 00:00:00","Customer NLTYP","Young, Robin","Shipper ZHISN","Judy Lew"
11008,"2008-04-08 00:00:00",NULL,"Customer THHDP","Kane, John","Shipper ZHISN","Russell King"
11012,"2008-04-09 00:00:00","2008-04-17 00:00:00","Customer AZJED","Carlson, Jason","Shipper ZHISN","Sara Davis"
11014,"2008-04-10 00:00:00","2008-04-15 00:00:00","Customer PSQUZ","Lupu, Cornel","Shipper ZHISN","Don Funk"
11019,"2008-04-13 00:00:00",NULL,"Customer LWGMD","Gaffney, Lawrie","Shipper ZHISN","Paul Suurs"
11025,"2008-04-15 00:00:00","2008-04-24 00:00:00","Customer ZHYOS","Ludwig, Michael","Shipper ZHISN","Paul Suurs"
11032,"2008-04-17 00:00:00","2008-04-23 00:00:00","Customer YBQTI","Smith Jr., Ronaldo","Shipper ZHISN","Don Funk"
11033,"2008-04-17 00:00:00","2008-04-23 00:00:00","Customer CCKOT","Myrcha, Jacek","Shipper ZHISN","Russell King"
11036,"2008-04-20 00:00:00","2008-04-22 00:00:00","Customer FEVNN","Jones, TiAnna","Shipper ZHISN","Maria Cameron"
11040,"2008-04-22 00:00:00",NULL,"Customer YSIQX","Krishnan, Venky","Shipper ZHISN","Yael Peled"
11047,"2008-04-24 00:00:00","2008-05-01 00:00:00","Customer RFNQC","Boseman, Randall","Shipper ZHISN","Russell King"
11048,"2008-04-24 00:00:00","2008-04-30 00:00:00","Customer EEALV","Bassols, Pilar Colome","Shipper ZHISN","Russell King"
11051,"2008-04-27 00:00:00",NULL,"Customer XIIWM","Litton, Tim","Shipper ZHISN","Russell King"
11057,"2008-04-29 00:00:00","2008-05-01 00:00:00","Customer GCJSG","Mallit, Ken","Shipper ZHISN","Judy Lew"
11058,"2008-04-29 00:00:00",NULL,"Customer XHXJV","Poland, Carole","Shipper ZHISN","Zoya Dolgopyatova"
11061,"2008-04-30 00:00:00",NULL,"Customer YSIQX","Krishnan, Venky","Shipper ZHISN","Yael Peled"
